{
  "type": "FeatureCollection",
  "features": [
    {
      "type": "Feature",
      "properties": {
        "boundaryId": "IN-MH",
        "state": "Maharashtra",
        "district": null,
        "taluka": null,
        "name": "Maharashtra",
        "level": "ADM1",
        "administrativeLevel": "STATE",
        "source": "geoBoundaries-v5.0 (CC BY 2.5 IN)"
      },
      "geometry": {
        "type": "MultiPolygon",
        "coordinates": [
          [
            [
              [
                80.27289101775115,
                18.72299154160009
              ],
              [
                80.25926882284892,
                18.742967596702663
              ],
              [
                80.24431122119144,
                18.756256357797625
              ],
              [
                80.24524562808875,
                18.765495609646763
              ],
              [
                80.24990638153184,
                18.7690678839936
              ],
              [
                80.26598172904959,
                18.76843286115182
              ],
              [
                80.27325384370111,
                18.765458236724914
              ],
              [
                80.27604019942186,
                18.76611241433705
              ],
              [
                80.2883781690821,
                18.7738109991429
              ],
              [
                80.28834132108744,
                18.777178430252704
              ],
              [
                80.29142519344039,
                18.783496684303525
              ],
              [
                80.29994030874718,
                18.794477521215086
              ],
              [
                80.30611311995125,
                18.797992530909408
              ],
              [
                80.31401525545093,
                18.7999576390875
              ],
              [
                80.32299889517897,
                18.798998332978027
              ],
              [
                80.34185482943668,
                18.81245503794254
              ],
              [
                80.35035445329645,
                18.81487292325008
              ],
              [
                80.35445031554616,
                18.826594047428358
              ],
              [
                80.35272202700811,
                18.838590939582005
              ],
              [
                80.34950200239747,
                18.848036590384222
              ],
              [
                80.32731249647716,
                18.879733972356338
              ],
              [
                80.31650260243772,
                18.888415656259635
              ],
              [
                80.29986518174167,
                18.911088685646533
              ],
              [
                80.27428807139277,
                18.931810517488294
              ],
              [
                80.27085876627038,
                18.938438293351016
              ],
              [
                80.26901691001918,
                18.94718266780545
              ],
              [
                80.27393613931226,
                18.966539784422217
              ],
              [
                80.27329543030888,
                18.99295323534256
              ],
              [
                80.28705945482142,
                19.00664763141262
              ],
              [
                80.2921880526611,
                19.009658379734688
              ],
              [
                80.30314306504313,
                19.02199150913427
              ],
              [
                80.305180038069,
                19.02717862042547
              ],
              [
                80.30298480614458,
                19.034542167621716
              ],
              [
                80.29825772828741,
                19.041109712795173
              ],
              [
                80.29640446792368,
                19.046715637417442
              ],
              [
                80.2973636395767,
                19.048839376817018
              ],
              [
                80.3003082083819,
                19.052228552596127
              ],
              [
                80.30729059030318,
                19.05568660604365
              ],
              [
                80.31998742164805,
                19.065714526165454
              ],
              [
                80.32969732502885,
                19.069940430560987
              ],
              [
                80.32895606759571,
                19.075745383415157
              ],
              [
                80.33105593077632,
                19.080561491050762
              ],
              [
                80.32798912910873,
                19.09488571684569
              ],
              [
                80.33967237604719,
                19.099947182532137
              ],
              [
                80.33630283224738,
                19.11168261805984
              ],
              [
                80.33080217108161,
                19.12032752967019
              ],
              [
                80.33137274681413,
                19.127785502317508
              ],
              [
                80.33015477232435,
                19.132555329853094
              ],
              [
                80.32759450639097,
                19.13494882900886
              ],
              [
                80.33325462750281,
                19.145361668881268
              ],
              [
                80.34084332552847,
                19.14604501414052
              ],
              [
                80.34794155059552,
                19.152198095746304
              ],
              [
                80.34806269110652,
                19.159953571238024
              ],
              [
                80.3853772482465,
                19.178889674347626
              ],
              [
                80.38934369380651,
                19.181482190045568
              ],
              [
                80.39397789664311,
                19.187633552810663
              ],
              [
                80.39449642129307,
                19.196206145724798
              ],
              [
                80.39196905256371,
                19.202461720061613
              ],
              [
                80.38531631462249,
                19.211341458716742
              ],
              [
                80.38412657597871,
                19.21574508546202
              ],
              [
                80.38656710726451,
                19.232834903362523
              ],
              [
                80.39385410969524,
                19.244838857364194
              ],
              [
                80.39872266412485,
                19.247232087485184
              ],
              [
                80.43004930580412,
                19.253908049185835
              ],
              [
                80.4378493055509,
                19.257701330673
              ],
              [
                80.44613687400296,
                19.264006178875196
              ],
              [
                80.454794089313,
                19.274832913613857
              ],
              [
                80.45737720838721,
                19.288182044257642
              ],
              [
                80.46303717139557,
                19.300757483221506
              ],
              [
                80.47134988998067,
                19.313668302217522
              ],
              [
                80.47706227956733,
                19.329755148730783
              ],
              [
                80.4825129476909,
                19.337965905787343
              ],
              [
                80.48836059122003,
                19.341596993390052
              ],
              [
                80.49576347272915,
                19.34305902277009
              ],
              [
                80.50691825965059,
                19.3422722852014
              ],
              [
                80.52044886951292,
                19.347622391021314
              ],
              [
                80.53854449307038,
                19.37764161819987
              ],
              [
                80.54429278652229,
                19.383728087864423
              ],
              [
                80.55221998501838,
                19.388387646932543
              ],
              [
                80.56260477740075,
                19.398951144197444
              ],
              [
                80.57320714354155,
                19.40230960554597
              ],
              [
                80.5772193762316,
                19.40169176050062
              ],
              [
                80.5811012498992,
                19.397735641689007
              ],
              [
                80.5917960832255,
                19.37594480741445
              ],
              [
                80.58822299465703,
                19.370289028019428
              ],
              [
                80.59083850698038,
                19.357728045366784
              ],
              [
                80.59003073379208,
                19.351801818725843
              ],
              [
                80.60450976696511,
                19.329088706638338
              ],
              [
                80.60781694432798,
                19.325970309774462
              ],
              [
                80.60698148326597,
                19.3218096360677
              ],
              [
                80.60804821559788,
                19.31807375299161
              ],
              [
                80.61268646354817,
                19.309359769070593
              ],
              [
                80.61512112614022,
                19.309667096650124
              ],
              [
                80.62342406746176,
                19.305565487211172
              ],
              [
                80.63164148288003,
                19.30701106373255
              ],
              [
                80.63662553640064,
                19.313172959557296
              ],
              [
                80.64711498341192,
                19.316337173774592
              ],
              [
                80.6484847192858,
                19.315560697516286
              ],
              [
                80.65417958004633,
                19.322655571412078
              ],
              [
                80.6640179928184,
                19.325311189928822
              ],
              [
                80.67313402355808,
                19.329824187729933
              ],
              [
                80.68001622985045,
                19.330179378911463
              ],
              [
                80.68624496477422,
                19.326581456869707
              ],
              [
                80.69344081335646,
                19.31459848045765
              ],
              [
                80.68873488004444,
                19.295015696116657
              ],
              [
                80.68977804956646,
                19.286817373285743
              ],
              [
                80.69577297817457,
                19.28417409769931
              ],
              [
                80.69938021889352,
                19.28458416392498
              ],
              [
                80.70192265596344,
                19.28194050972873
              ],
              [
                80.7042418149729,
                19.282937946403948
              ],
              [
                80.71082259696158,
                19.281600298379463
              ],
              [
                80.71726429908303,
                19.28478926575738
              ],
              [
                80.72175400431286,
                19.284510274428452
              ],
              [
                80.72662138913596,
                19.287023349895307
              ],
              [
                80.73836672762681,
                19.285304961027602
              ],
              [
                80.74234400597086,
                19.286930243880537
              ],
              [
                80.74317776113215,
                19.288870674441625
              ],
              [
                80.75112927432801,
                19.28700244920722
              ],
              [
                80.75704519520858,
                19.289587242078014
              ],
              [
                80.75994913051854,
                19.291483809409367
              ],
              [
                80.7598186556134,
                19.29641816200288
              ],
              [
                80.76276365111836,
                19.29720569348238
              ],
              [
                80.76647249668581,
                19.302384816960767
              ],
              [
                80.7684112820545,
                19.3028045857552
              ],
              [
                80.775154987893,
                19.31435681411136
              ],
              [
                80.78879857347874,
                19.32292155312799
              ],
              [
                80.79429811534366,
                19.323042725880196
              ],
              [
                80.7981942273085,
                19.326380872241938
              ],
              [
                80.8052792013268,
                19.32713701525746
              ],
              [
                80.81035950843179,
                19.336714258503758
              ],
              [
                80.81615713825744,
                19.338611953263506
              ],
              [
                80.83246530933388,
                19.34931445182629
              ],
              [
                80.84627046231338,
                19.355365402697227
              ],
              [
                80.85298729954174,
                19.363858610091484
              ],
              [
                80.85045604380211,
                19.369160864736564
              ],
              [
                80.8429068330214,
                19.371239894747745
              ],
              [
                80.82802445269255,
                19.380091088713208
              ],
              [
                80.81180610505969,
                19.407156764863696
              ],
              [
                80.80958965941981,
                19.42024707869875
              ],
              [
                80.81342866638036,
                19.433603976723365
              ],
              [
                80.82386875725501,
                19.4402479730672
              ],
              [
                80.82776591575715,
                19.4399010956376
              ],
              [
                80.83046045107942,
                19.443372506590595
              ],
              [
                80.83724582257743,
                19.444381464108734
              ],
              [
                80.84225714086523,
                19.44687694074843
              ],
              [
                80.84787230848362,
                19.445487212243457
              ],
              [
                80.85032286317137,
                19.44676371835611
              ],
              [
                80.85323046360769,
                19.445094679290506
              ],
              [
                80.8568613848158,
                19.4460552261548
              ],
              [
                80.86447752098351,
                19.443867367934246
              ],
              [
                80.86790373769796,
                19.44541419443318
              ],
              [
                80.87463807051475,
                19.445207208245293
              ],
              [
                80.88230469469637,
                19.45216609371245
              ],
              [
                80.89434238720152,
                19.46732096953044
              ],
              [
                80.89835690879893,
                19.481812703242838
              ],
              [
                80.89573315263618,
                19.500698248555405
              ],
              [
                80.89343475279465,
                19.50239773325674
              ],
              [
                80.89476997898855,
                19.503786854323007
              ],
              [
                80.89369643473185,
                19.507368943211667
              ],
              [
                80.89519473479423,
                19.509724350223404
              ],
              [
                80.89543000177052,
                19.519730621702255
              ],
              [
                80.89166717913258,
                19.520613937102194
              ],
              [
                80.88414071818643,
                19.52625904893862
              ],
              [
                80.87360532863657,
                19.518769080793835
              ],
              [
                80.86893603940165,
                19.521863772751505
              ],
              [
                80.86494695270319,
                19.520098797586538
              ],
              [
                80.85666643872104,
                19.523043930624933
              ],
              [
                80.85034735124601,
                19.528937773571446
              ],
              [
                80.8501151672878,
                19.53453062127831
              ],
              [
                80.84413050013515,
                19.538477672135972
              ],
              [
                80.83981710814439,
                19.549229554249653
              ],
              [
                80.84105840828882,
                19.55427441589538
              ],
              [
                80.83985968828887,
                19.559433035404332
              ],
              [
                80.83598233224883,
                19.56637273477949
              ],
              [
                80.83218038977692,
                19.567455894167345
              ],
              [
                80.82434876034898,
                19.566718445591388
              ],
              [
                80.81653556255404,
                19.57118191747353
              ],
              [
                80.81117065748894,
                19.56887293799842
              ],
              [
                80.8067109407182,
                19.56892500771318
              ],
              [
                80.79738800820564,
                19.56243702915497
              ],
              [
                80.78983637197364,
                19.5603579163546
              ],
              [
                80.78151862551792,
                19.563674167537222
              ],
              [
                80.7754940812515,
                19.562429417768623
              ],
              [
                80.76739228709512,
                19.57481974050547
              ],
              [
                80.76976591724844,
                19.58658056487706
              ],
              [
                80.76565157934829,
                19.590290017631332
              ],
              [
                80.76032076085663,
                19.591543383401437
              ],
              [
                80.75783701521578,
                19.596566360125006
              ],
              [
                80.74590540745749,
                19.601409211741206
              ],
              [
                80.74087350068167,
                19.606101300122756
              ],
              [
                80.7331068140589,
                19.606172259242133
              ],
              [
                80.73036731895495,
                19.610048590410894
              ],
              [
                80.71467909501901,
                19.61657213459659
              ],
              [
                80.70570598264774,
                19.613847376233586
              ],
              [
                80.68850285239309,
                19.61303493193812
              ],
              [
                80.67030831623802,
                19.60918109579236
              ],
              [
                80.66536986928608,
                19.611741004996794
              ],
              [
                80.66289589102732,
                19.62360202535731
              ],
              [
                80.6689027124315,
                19.641196627649027
              ],
              [
                80.67658958823287,
                19.652461190235908
              ],
              [
                80.67968518719351,
                19.683481418627732
              ],
              [
                80.67932012264184,
                19.694226076997133
              ],
              [
                80.67640804230723,
                19.69941191607745
              ],
              [
                80.6634403347682,
                19.70596196850931
              ],
              [
                80.65428862564036,
                19.708422232270454
              ],
              [
                80.64759678403477,
                19.71390591096926
              ],
              [
                80.64012980234024,
                19.725335143339823
              ],
              [
                80.62675900905512,
                19.725814039958752
              ],
              [
                80.62110265637591,
                19.733060364688438
              ],
              [
                80.61397318341167,
                19.735059480105708
              ],
              [
                80.61105646327863,
                19.73820037107296
              ],
              [
                80.60571754827134,
                19.736763312264063
              ],
              [
                80.5989673512066,
                19.74034112357248
              ],
              [
                80.5943756054453,
                19.739198339736472
              ],
              [
                80.59010204385594,
                19.742250241001948
              ],
              [
                80.58646578126513,
                19.741164712517506
              ],
              [
                80.58490902333565,
                19.74393261868653
              ],
              [
                80.5814325135417,
                19.7458466207109
              ],
              [
                80.58421854497061,
                19.747225823075162
              ],
              [
                80.58208492669488,
                19.750668198437083
              ],
              [
                80.57384406255274,
                19.754664716240597
              ],
              [
                80.57148605410221,
                19.75907876835878
              ],
              [
                80.56218082019736,
                19.7608192262161
              ],
              [
                80.5526368733788,
                19.765414470714383
              ],
              [
                80.54377436967015,
                19.77566117344694
              ],
              [
                80.54264695075092,
                19.779782186740423
              ],
              [
                80.54249203089029,
                19.783341272664853
              ],
              [
                80.54759669401757,
                19.794755844074814
              ],
              [
                80.54525490375117,
                19.80593959103917
              ],
              [
                80.54665847736514,
                19.810908135113657
              ],
              [
                80.54630129912334,
                19.81829356901666
              ],
              [
                80.52020568029415,
                19.831745549560594
              ],
              [
                80.51191795104364,
                19.830373105055017
              ],
              [
                80.50403463075762,
                19.830877658492177
              ],
              [
                80.50036855398085,
                19.8277393574758
              ],
              [
                80.48058100119648,
                19.827532760415092
              ],
              [
                80.46889143461001,
                19.81031141778995
              ],
              [
                80.47566848411523,
                19.803482729879505
              ],
              [
                80.48052115004238,
                19.80195932421263
              ],
              [
                80.48498699332332,
                19.802343028896374
              ],
              [
                80.48597402083504,
                19.796346539610077
              ],
              [
                80.49000040288912,
                19.790045276529092
              ],
              [
                80.49147762218672,
                19.778388876842644
              ],
              [
                80.4890497095357,
                19.77027064787847
              ],
              [
                80.48268131353474,
                19.772596241140473
              ],
              [
                80.48110729986693,
                19.780846596941657
              ],
              [
                80.4765805454198,
                19.784693949329835
              ],
              [
                80.46804357140718,
                19.78868575807411
              ],
              [
                80.46425822800508,
                19.79580203500805
              ],
              [
                80.44929687228802,
                19.789798028363123
              ],
              [
                80.43948871387644,
                19.796085143655368
              ],
              [
                80.42416264934053,
                19.799187562168555
              ],
              [
                80.40487817467483,
                19.79374451667874
              ],
              [
                80.40173049319066,
                19.79614496383642
              ],
              [
                80.40769385859298,
                19.805863112732553
              ],
              [
                80.40209788168399,
                19.81665312356283
              ],
              [
                80.41190623323338,
                19.815951761058578
              ],
              [
                80.42145570469094,
                19.81330238542004
              ],
              [
                80.42968026890225,
                19.807004239658447
              ],
              [
                80.44072580451544,
                19.810195145006066
              ],
              [
                80.46008628833228,
                19.822859748047627
              ],
              [
                80.46909349266689,
                19.82688865849279
              ],
              [
                80.47191799624446,
                19.83542781858859
              ],
              [
                80.47870689003666,
                19.83919168074556
              ],
              [
                80.48103486780727,
                19.849142227785425
              ],
              [
                80.4841877954527,
                19.85409976868695
              ],
              [
                80.48261105270309,
                19.85886696146291
              ],
              [
                80.48630623759004,
                19.863466708224454
              ],
              [
                80.49953845047119,
                19.869556355042874
              ],
              [
                80.50584808677112,
                19.870522083363724
              ],
              [
                80.49958388097006,
                19.890869061319055
              ],
              [
                80.49142602116018,
                19.902040076772366
              ],
              [
                80.4741422751936,
                19.903836717392693
              ],
              [
                80.46862335666798,
                19.907590875900468
              ],
              [
                80.46218251333596,
                19.90466745002116
              ],
              [
                80.45926855642071,
                19.90610264878111
              ],
              [
                80.45292077316223,
                19.90437832174138
              ],
              [
                80.44984847380509,
                19.896318344873094
              ],
              [
                80.43322686615296,
                19.902711672162184
              ],
              [
                80.42372168253723,
                19.902459221453025
              ],
              [
                80.41388975829648,
                19.907317763041387
              ],
              [
                80.40796009858194,
                19.912580516273636
              ],
              [
                80.4125820942121,
                19.924503055571225
              ],
              [
                80.41126256158621,
                19.93835949957291
              ],
              [
                80.41952708735293,
                19.940209196208716
              ],
              [
                80.42420970668839,
                19.939304561186585
              ],
              [
                80.43200926446406,
                19.941458113586712
              ],
              [
                80.45217109581995,
                19.957471770153422
              ],
              [
                80.46604831704143,
                19.948054983409463
              ],
              [
                80.4731815782012,
                19.95081608091667
              ],
              [
                80.47914165666788,
                19.943873866108067
              ],
              [
                80.47999585748505,
                19.940790873820415
              ],
              [
                80.47844231013435,
                19.93831722369535
              ],
              [
                80.48075096154993,
                19.934244067761572
              ],
              [
                80.48876615092638,
                19.930481829211622
              ],
              [
                80.49594628258441,
                19.930933345434987
              ],
              [
                80.50011163221632,
                19.928461934333004
              ],
              [
                80.50571140810065,
                19.928206103557475
              ],
              [
                80.50877362925861,
                19.930639985193164
              ],
              [
                80.52364306576253,
                19.933655190363098
              ],
              [
                80.52563398665536,
                19.9371778667148
              ],
              [
                80.52991848972489,
                19.939336004002286
              ],
              [
                80.53166320216128,
                19.948433170112494
              ],
              [
                80.53497069842611,
                19.950967362517893
              ],
              [
                80.53892584856972,
                19.951758620906407
              ],
              [
                80.53722364171762,
                19.95926670828531
              ],
              [
                80.53938937296812,
                19.96258240999969
              ],
              [
                80.53587155594246,
                19.96551043988927
              ],
              [
                80.53782726467279,
                19.969429123222994
              ],
              [
                80.53766127666954,
                19.97365849115295
              ],
              [
                80.54380232614011,
                19.977405279705927
              ],
              [
                80.54962212998025,
                19.985833518738993
              ],
              [
                80.54989952075681,
                20.000649770650572
              ],
              [
                80.54258410730857,
                20.01063368746183
              ],
              [
                80.54698572823327,
                20.017813548592304
              ],
              [
                80.54588955721117,
                20.021020548056658
              ],
              [
                80.5468600117042,
                20.028845160645137
              ],
              [
                80.55100097656772,
                20.04150416842376
              ],
              [
                80.5493302646495,
                20.05511874333019
              ],
              [
                80.55110949934225,
                20.061506583755037
              ],
              [
                80.55438141244034,
                20.065297552382123
              ],
              [
                80.55682513184709,
                20.07174874261765
              ],
              [
                80.55490419869803,
                20.079711842861265
              ],
              [
                80.55056628629332,
                20.08434393964746
              ],
              [
                80.54401572273248,
                20.09551303836215
              ],
              [
                80.54772929972654,
                20.105297895153704
              ],
              [
                80.55194362730437,
                20.109201825056818
              ],
              [
                80.55207092756326,
                20.117988065707618
              ],
              [
                80.54033919226076,
                20.122874108669997
              ],
              [
                80.53067007239386,
                20.13174852452443
              ],
              [
                80.51240957743909,
                20.135870213772254
              ],
              [
                80.5099332770353,
                20.14132447339438
              ],
              [
                80.50559332006496,
                20.144465001120626
              ],
              [
                80.49695296613282,
                20.145553967721604
              ],
              [
                80.48508196231687,
                20.14389961130629
              ],
              [
                80.47688624480595,
                20.145765263929263
              ],
              [
                80.46615736353378,
                20.15044559956398
              ],
              [
                80.46014596521321,
                20.150963425612666
              ],
              [
                80.45664430528626,
                20.14933008679127
              ],
              [
                80.454652742098,
                20.1452796698318
              ],
              [
                80.45543140088795,
                20.13795061651548
              ],
              [
                80.44680057718267,
                20.136024163723008
              ],
              [
                80.43866185508158,
                20.136831115447627
              ],
              [
                80.43359694959216,
                20.135256617976484
              ],
              [
                80.42958507802486,
                20.136120549254564
              ],
              [
                80.42592808231727,
                20.13995608614023
              ],
              [
                80.40523647311582,
                20.145263024464512
              ],
              [
                80.4018173944146,
                20.147268810922395
              ],
              [
                80.3885381313721,
                20.16507026976833
              ],
              [
                80.39203179629305,
                20.170304536226517
              ],
              [
                80.39659194650919,
                20.173768232163248
              ],
              [
                80.40069221499537,
                20.18958819905273
              ],
              [
                80.4121142848498,
                20.194337846700083
              ],
              [
                80.4210142258479,
                20.19604351622983
              ],
              [
                80.42219529125761,
                20.205807056684215
              ],
              [
                80.40484533675965,
                20.218599073965844
              ],
              [
                80.39520417875259,
                20.23687574287307
              ],
              [
                80.395273555642,
                20.244873228846895
              ],
              [
                80.39814952639715,
                20.244136866718765
              ],
              [
                80.4089705173253,
                20.246172310735258
              ],
              [
                80.42531270400829,
                20.25291086424723
              ],
              [
                80.43290419938774,
                20.25173109076448
              ],
              [
                80.43752676095654,
                20.25450034731981
              ],
              [
                80.4516397773637,
                20.258089374880974
              ],
              [
                80.4617439818654,
                20.268554593480847
              ],
              [
                80.46748742531311,
                20.269800622397373
              ],
              [
                80.47063201838935,
                20.27258437574634
              ],
              [
                80.48079577041462,
                20.274955218640144
              ],
              [
                80.49084029983199,
                20.276190770043264
              ],
              [
                80.49852058469412,
                20.27479151575049
              ],
              [
                80.51047688624128,
                20.268459946625384
              ],
              [
                80.51883516917421,
                20.26604266583604
              ],
              [
                80.52257772851426,
                20.273416756889503
              ],
              [
                80.53221256417835,
                20.28073439544849
              ],
              [
                80.54351542579792,
                20.29340503291804
              ],
              [
                80.54619358573089,
                20.297539243355267
              ],
              [
                80.54605952744608,
                20.305913940822418
              ],
              [
                80.54959073475936,
                20.30883764325364
              ],
              [
                80.55921303353534,
                20.30838898335986
              ],
              [
                80.58809491196548,
                20.317795659691686
              ],
              [
                80.61053289818159,
                20.31828171179902
              ],
              [
                80.61485961039133,
                20.322265930280444
              ],
              [
                80.6223752870625,
                20.32528808390802
              ],
              [
                80.6246679251098,
                20.328093179835328
              ],
              [
                80.62609579455896,
                20.336139535180607
              ],
              [
                80.62106325536922,
                20.340235804005022
              ],
              [
                80.61827621872551,
                20.345411480303834
              ],
              [
                80.61881749321006,
                20.349014920041547
              ],
              [
                80.6151109104988,
                20.35167518453236
              ],
              [
                80.61590031852946,
                20.3599360644999
              ],
              [
                80.60948455885512,
                20.369736933317135
              ],
              [
                80.61074602527935,
                20.37508808700407
              ],
              [
                80.60380051201398,
                20.381265716784032
              ],
              [
                80.59658209865013,
                20.38386155415082
              ],
              [
                80.59694751623972,
                20.386184810929237
              ],
              [
                80.59398809558792,
                20.38580057283332
              ],
              [
                80.59148088685015,
                20.39295428709618
              ],
              [
                80.59891667544478,
                20.410465087522613
              ],
              [
                80.60009593164749,
                20.41789451390061
              ],
              [
                80.60813685685854,
                20.424028308443923
              ],
              [
                80.61364892303517,
                20.434862882620514
              ],
              [
                80.6120098309166,
                20.43984369289715
              ],
              [
                80.60804688070137,
                20.44390353999646
              ],
              [
                80.60266082749784,
                20.44623326260638
              ],
              [
                80.60218306031062,
                20.44984165715806
              ],
              [
                80.61260800558958,
                20.461809689616747
              ],
              [
                80.61636490563485,
                20.488236271012287
              ],
              [
                80.61473096445611,
                20.492435822498013
              ],
              [
                80.61681824403624,
                20.50065287759939
              ],
              [
                80.61962924773174,
                20.504533748129976
              ],
              [
                80.61726054483772,
                20.510270718689657
              ],
              [
                80.61884909594175,
                20.51436177022606
              ],
              [
                80.6173411982789,
                20.515049434423084
              ],
              [
                80.61904699929043,
                20.518541368806346
              ],
              [
                80.61809263362416,
                20.520479243728875
              ],
              [
                80.62018232248586,
                20.5220512981583
              ],
              [
                80.62088137167699,
                20.52591905092108
              ],
              [
                80.61798113832435,
                20.525434660388143
              ],
              [
                80.62133052123426,
                20.532680311298563
              ],
              [
                80.61798092991522,
                20.5464618569114
              ],
              [
                80.61528078820724,
                20.54978175087145
              ],
              [
                80.61774949245698,
                20.55200427871364
              ],
              [
                80.61844399976606,
                20.555175126372976
              ],
              [
                80.62431737284153,
                20.555658670743625
              ],
              [
                80.62407222799038,
                20.558919949480472
              ],
              [
                80.62659346032807,
                20.563698816654547
              ],
              [
                80.62587320191302,
                20.56834216382289
              ],
              [
                80.62096265214224,
                20.569950109641987
              ],
              [
                80.62108171035841,
                20.5743133609655
              ],
              [
                80.6255597258115,
                20.57802166624639
              ],
              [
                80.61735307939684,
                20.585641360648676
              ],
              [
                80.62323161778518,
                20.589119336617383
              ],
              [
                80.62406054090854,
                20.5919378584153
              ],
              [
                80.631866728251,
                20.598279129036253
              ],
              [
                80.6282898919112,
                20.6001170737751
              ],
              [
                80.61230347311498,
                20.600531928606184
              ],
              [
                80.6050216279123,
                20.607450134409486
              ],
              [
                80.60140477521983,
                20.60881806838121
              ],
              [
                80.58752821066682,
                20.60762766074242
              ],
              [
                80.58076469158642,
                20.60838922703309
              ],
              [
                80.56439076023791,
                20.603642045506792
              ],
              [
                80.55782837844124,
                20.59436773173534
              ],
              [
                80.54487116052978,
                20.590116840570584
              ],
              [
                80.5388357646147,
                20.585019491931995
              ],
              [
                80.52092603662555,
                20.58050224721059
              ],
              [
                80.50441183154881,
                20.583377303385223
              ],
              [
                80.50222482459911,
                20.595227863475266
              ],
              [
                80.49127462449208,
                20.60398288210175
              ],
              [
                80.48102291931566,
                20.61838586512529
              ],
              [
                80.4862739916646,
                20.625073275534657
              ],
              [
                80.48932565043144,
                20.633339065423844
              ],
              [
                80.51999197557963,
                20.656470543710835
              ],
              [
                80.5307929592298,
                20.660002462936294
              ],
              [
                80.54491592447872,
                20.660179548040748
              ],
              [
                80.55247202354101,
                20.667986076113674
              ],
              [
                80.55697077480578,
                20.670128055011226
              ],
              [
                80.58012382447961,
                20.672811074252714
              ],
              [
                80.58704009578584,
                20.681772734640433
              ],
              [
                80.58749602223357,
                20.68592175437695
              ],
              [
                80.58180815216257,
                20.697294787211273
              ],
              [
                80.57485737387134,
                20.70393626761737
              ],
              [
                80.56729669250277,
                20.7072544732406
              ],
              [
                80.56523223821573,
                20.71051407502784
              ],
              [
                80.5600220562802,
                20.726080079808824
              ],
              [
                80.56285847960329,
                20.733876585193478
              ],
              [
                80.56274472504056,
                20.747415164179152
              ],
              [
                80.55866222792561,
                20.75123988908752
              ],
              [
                80.55168316258438,
                20.763973570866312
              ],
              [
                80.55220433456948,
                20.78074945333419
              ],
              [
                80.54918942767756,
                20.79594436461965
              ],
              [
                80.55860357781903,
                20.811460500637576
              ],
              [
                80.5618322550025,
                20.824262218194725
              ],
              [
                80.56123125422963,
                20.830607699364545
              ],
              [
                80.55653952418058,
                20.8378678065868
              ],
              [
                80.55505849153458,
                20.846479840155602
              ],
              [
                80.55655096422572,
                20.860783550394647
              ],
              [
                80.55395134309975,
                20.871477062027825
              ],
              [
                80.55613454568422,
                20.88909599956972
              ],
              [
                80.54811664159894,
                20.911741667286513
              ],
              [
                80.54179439654568,
                20.923815151704
              ],
              [
                80.54295684886267,
                20.925247360997492
              ],
              [
                80.54204569216158,
                20.93011539836504
              ],
              [
                80.54432428325279,
                20.929994569613232
              ],
              [
                80.54629416919492,
                20.93189233614165
              ],
              [
                80.54607625228005,
                20.934913602425766
              ],
              [
                80.53903516814992,
                20.93248492204776
              ],
              [
                80.5345008678544,
                20.934487811076533
              ],
              [
                80.5190672740807,
                20.9298459298436
              ],
              [
                80.50399190239115,
                20.93128997481159
              ],
              [
                80.49296247985919,
                20.929229533944063
              ],
              [
                80.46371176574978,
                20.929097863987057
              ],
              [
                80.46176736501225,
                20.933222200436916
              ],
              [
                80.46174342041834,
                20.939861585694963
              ],
              [
                80.45471415093083,
                20.946616398733568
              ],
              [
                80.45476402359877,
                20.952595745041105
              ],
              [
                80.44536849553315,
                20.970529322041873
              ],
              [
                80.44377516179853,
                20.977087554228905
              ],
              [
                80.44552845673917,
                20.97979544554792
              ],
              [
                80.4429195928472,
                20.986404829247395
              ],
              [
                80.44378765826245,
                20.993942112973272
              ],
              [
                80.43645458124077,
                21.000619044167227
              ],
              [
                80.42582060338512,
                21.005867889288467
              ],
              [
                80.424243950467,
                21.009632805106335
              ],
              [
                80.42583184310594,
                21.011759472152324
              ],
              [
                80.42889077463332,
                21.011595957509396
              ],
              [
                80.43582014337643,
                21.020133901864874
              ],
              [
                80.4392454033851,
                21.021740397279498
              ],
              [
                80.44013321826185,
                21.027985977062414
              ],
              [
                80.44473646515372,
                21.027889370988333
              ],
              [
                80.4495141648738,
                21.030226781207567
              ],
              [
                80.45065263396931,
                21.036743165610375
              ],
              [
                80.45265962931586,
                21.0387339336299
              ],
              [
                80.45121373696715,
                21.042745020910726
              ],
              [
                80.45394674623475,
                21.05296839558652
              ],
              [
                80.44951797462893,
                21.0571614350204
              ],
              [
                80.44957240265366,
                21.060196294701136
              ],
              [
                80.44719703965016,
                21.063164433022934
              ],
              [
                80.4496778343253,
                21.069088571705716
              ],
              [
                80.44653802657457,
                21.073317091213053
              ],
              [
                80.44630730866687,
                21.084029571073923
              ],
              [
                80.44088193889833,
                21.089740186847333
              ],
              [
                80.44165357286276,
                21.09350635986374
              ],
              [
                80.43916211428689,
                21.096465400979465
              ],
              [
                80.44648568982781,
                21.104704552522215
              ],
              [
                80.44781772610413,
                21.112327263818322
              ],
              [
                80.45346812924124,
                21.11258221932328
              ],
              [
                80.45361674472522,
                21.111462198319558
              ],
              [
                80.45534556686255,
                21.113362710439336
              ],
              [
                80.4582094885148,
                21.11377677024619
              ],
              [
                80.45473356711739,
                21.11829689818643
              ],
              [
                80.44516670068266,
                21.120699057864886
              ],
              [
                80.44473376391969,
                21.121888740229416
              ],
              [
                80.45876891256135,
                21.149959982585155
              ],
              [
                80.46105502524645,
                21.157180164962714
              ],
              [
                80.46082820782372,
                21.164667974843
              ],
              [
                80.4642767898938,
                21.174935917800774
              ],
              [
                80.4696058315178,
                21.173212497911113
              ],
              [
                80.47338086315877,
                21.173589682093816
              ],
              [
                80.47571910418147,
                21.17090125596536
              ],
              [
                80.47862703519782,
                21.170592378346512
              ],
              [
                80.48676369297036,
                21.176666035586376
              ],
              [
                80.49207961110639,
                21.17692891932822
              ],
              [
                80.49362246131865,
                21.179506585785667
              ],
              [
                80.50046211082275,
                21.1826343230818
              ],
              [
                80.50260268655033,
                21.185228230906315
              ],
              [
                80.507327002088,
                21.184536137673646
              ],
              [
                80.50929053065288,
                21.185923969486733
              ],
              [
                80.51500367123111,
                21.182938140633997
              ],
              [
                80.51777497208599,
                21.19272189024139
              ],
              [
                80.52964669724915,
                21.205243194303186
              ],
              [
                80.54145751034783,
                21.200999906524682
              ],
              [
                80.55289988212766,
                21.200675678129627
              ],
              [
                80.55948721552974,
                21.202015184843578
              ],
              [
                80.56978684672485,
                21.20572213284856
              ],
              [
                80.57792194681869,
                21.217403319810195
              ],
              [
                80.58760153744853,
                21.222007831316283
              ],
              [
                80.59821145033605,
                21.225387898359344
              ],
              [
                80.60594222950031,
                21.224115587746738
              ],
              [
                80.6148428397433,
                21.22716018460243
              ],
              [
                80.62313683923448,
                21.24000434461332
              ],
              [
                80.63502089377491,
                21.247388007494713
              ],
              [
                80.63928414989134,
                21.24723424947858
              ],
              [
                80.64385636088846,
                21.251386116724916
              ],
              [
                80.64881022113407,
                21.26207515861062
              ],
              [
                80.64965076486392,
                21.274702051489115
              ],
              [
                80.65299060856383,
                21.279303462819474
              ],
              [
                80.65910068592001,
                21.281862984690004
              ],
              [
                80.6588271893402,
                21.286604831432683
              ],
              [
                80.66126160040398,
                21.290980480525917
              ],
              [
                80.66998827435008,
                21.291073309243135
              ],
              [
                80.67958993343406,
                21.29875243817245
              ],
              [
                80.6789217063386,
                21.303241553774775
              ],
              [
                80.68158574116204,
                21.313483090478286
              ],
              [
                80.67536046744705,
                21.317662432388573
              ],
              [
                80.67489439812147,
                21.32176761695874
              ],
              [
                80.67121824314553,
                21.325562147212842
              ],
              [
                80.66578011550331,
                21.32802780787162
              ],
              [
                80.6631356900042,
                21.334395745311955
              ],
              [
                80.66004059410011,
                21.334107258188677
              ],
              [
                80.6518766787469,
                21.327006813409685
              ],
              [
                80.64494101011873,
                21.32794247506994
              ],
              [
                80.63028359129322,
                21.322140390081074
              ],
              [
                80.62136721651528,
                21.320270668860022
              ],
              [
                80.611240661031,
                21.32760713314672
              ],
              [
                80.60891761141804,
                21.327146352851432
              ],
              [
                80.60786725447545,
                21.323867672272197
              ],
              [
                80.59989048155211,
                21.326806415078618
              ],
              [
                80.59779791269165,
                21.331556801599387
              ],
              [
                80.58937986124958,
                21.333519846988803
              ],
              [
                80.59145202038682,
                21.34082411287852
              ],
              [
                80.58949919974012,
                21.343619156108257
              ],
              [
                80.5846015318105,
                21.344128318774217
              ],
              [
                80.58139998913852,
                21.346891293305568
              ],
              [
                80.5765988236266,
                21.34677254086334
              ],
              [
                80.57280172936227,
                21.34270696204849
              ],
              [
                80.56672691716915,
                21.345554495295577
              ],
              [
                80.56758881475167,
                21.348137961401157
              ],
              [
                80.56505749972328,
                21.349297693782372
              ],
              [
                80.56544131930146,
                21.353895126822636
              ],
              [
                80.56958157269929,
                21.355834003162652
              ],
              [
                80.57019496662978,
                21.357525086897173
              ],
              [
                80.56388160321971,
                21.364978483882958
              ],
              [
                80.56074861098706,
                21.36365411191945
              ],
              [
                80.55841371529044,
                21.36734715592173
              ],
              [
                80.55430662859126,
                21.366505560741704
              ],
              [
                80.5533318100826,
                21.368573319868677
              ],
              [
                80.5508344558635,
                21.36874386032509
              ],
              [
                80.54851176827161,
                21.371044516237127
              ],
              [
                80.54318925919637,
                21.37060847706639
              ],
              [
                80.53920772553283,
                21.382714765508354
              ],
              [
                80.53180710867655,
                21.38207402588562
              ],
              [
                80.52764884495558,
                21.394774314970448
              ],
              [
                80.52521909524982,
                21.393919275697165
              ],
              [
                80.52395769619922,
                21.391127627179298
              ],
              [
                80.51715103822225,
                21.395101924465784
              ],
              [
                80.51503187024619,
                21.39166384378055
              ],
              [
                80.51124098244216,
                21.392740588702146
              ],
              [
                80.5084410001769,
                21.390724505511475
              ],
              [
                80.50170082292085,
                21.39550213675303
              ],
              [
                80.5009745969974,
                21.39851391760962
              ],
              [
                80.49521433798587,
                21.396591753231156
              ],
              [
                80.48751958126451,
                21.39796983726359
              ],
              [
                80.48419531255502,
                21.395343803074002
              ],
              [
                80.48346752715624,
                21.39875470661404
              ],
              [
                80.48109408025921,
                21.400949918817314
              ],
              [
                80.47979877339992,
                21.396741969130627
              ],
              [
                80.47647037154178,
                21.394906019621175
              ],
              [
                80.4736460431357,
                21.39691269004319
              ],
              [
                80.47093542617321,
                21.395871082282273
              ],
              [
                80.4623564945486,
                21.40263592816555
              ],
              [
                80.45756336177196,
                21.402692502499804
              ],
              [
                80.4570171896725,
                21.40046642564366
              ],
              [
                80.45826127728927,
                21.400371002295874
              ],
              [
                80.45581046478502,
                21.398267834686447
              ],
              [
                80.45632524974849,
                21.39611805415435
              ],
              [
                80.4542031011623,
                21.395270083700346
              ],
              [
                80.45376774164303,
                21.39252911567357
              ],
              [
                80.45235485429617,
                21.392344633791204
              ],
              [
                80.44973880657689,
                21.387324222510074
              ],
              [
                80.45174945447336,
                21.37807034286491
              ],
              [
                80.44863671026721,
                21.372061087387102
              ],
              [
                80.44612924371296,
                21.371100340694877
              ],
              [
                80.43705662855092,
                21.372684350395218
              ],
              [
                80.43246737920782,
                21.373832953334936
              ],
              [
                80.43061207517678,
                21.376267650679484
              ],
              [
                80.41694836283708,
                21.375205711455596
              ],
              [
                80.41230289512687,
                21.376633782997374
              ],
              [
                80.40683309917593,
                21.381620063544748
              ],
              [
                80.3964546623742,
                21.40289346110255
              ],
              [
                80.39611358643386,
                21.408024518700138
              ],
              [
                80.39819248922393,
                21.412216317233753
              ],
              [
                80.4089508747633,
                21.418956282612903
              ],
              [
                80.40863818828089,
                21.421467484013316
              ],
              [
                80.40467585969982,
                21.424944993890232
              ],
              [
                80.42222754257293,
                21.440469245184925
              ],
              [
                80.41877563224473,
                21.442524167037295
              ],
              [
                80.41806404975873,
                21.44842713206867
              ],
              [
                80.41401140096573,
                21.457188838390564
              ],
              [
                80.41115038805836,
                21.459838436097336
              ],
              [
                80.40913895413601,
                21.467295988942922
              ],
              [
                80.40373581677245,
                21.467522577988372
              ],
              [
                80.39730028068712,
                21.47151307182885
              ],
              [
                80.39050651443279,
                21.479334148150404
              ],
              [
                80.39219130923972,
                21.48663255434865
              ],
              [
                80.39005020440445,
                21.48852895132527
              ],
              [
                80.38406011502073,
                21.490022697700045
              ],
              [
                80.3848624264521,
                21.499669229501396
              ],
              [
                80.37853597997827,
                21.513934189686495
              ],
              [
                80.3764967557743,
                21.523277132881415
              ],
              [
                80.36996062005525,
                21.52822882518817
              ],
              [
                80.366002995053,
                21.52902343128627
              ],
              [
                80.36055367080913,
                21.534152911469583
              ],
              [
                80.34488126440867,
                21.5382600221876
              ],
              [
                80.33111888201648,
                21.547543372697017
              ],
              [
                80.3308577543398,
                21.55110633609549
              ],
              [
                80.33932503345945,
                21.554830680268736
              ],
              [
                80.33588123132499,
                21.55628740156099
              ],
              [
                80.33176384005115,
                21.560973232464768
              ],
              [
                80.32790258451597,
                21.5712668511376
              ],
              [
                80.31773579169347,
                21.577205544064128
              ],
              [
                80.30225417667963,
                21.57461183782802
              ],
              [
                80.29838670120938,
                21.575451662664758
              ],
              [
                80.29537474528315,
                21.580992584335625
              ],
              [
                80.29448290056402,
                21.592825030685336
              ],
              [
                80.29278605036598,
                21.594206313091977
              ],
              [
                80.28082523119126,
                21.59626987782495
              ],
              [
                80.27030155746932,
                21.615856019136015
              ],
              [
                80.25328247764334,
                21.62477528411357
              ],
              [
                80.25042353355607,
                21.624299441064622
              ],
              [
                80.24592395404461,
                21.62041243172183
              ],
              [
                80.23537010591228,
                21.622327379318325
              ],
              [
                80.2215595756175,
                21.62090263896267
              ],
              [
                80.20990532629642,
                21.634774834198236
              ],
              [
                80.2036803849581,
                21.63600161811871
              ],
              [
                80.19278397058038,
                21.635459904995727
              ],
              [
                80.18763726450116,
                21.628548377340028
              ],
              [
                80.16909457368138,
                21.622146322085626
              ],
              [
                80.16255378289252,
                21.615306585587994
              ],
              [
                80.16021054005031,
                21.610664839737144
              ],
              [
                80.15462737311725,
                21.606475316491586
              ],
              [
                80.14411970108546,
                21.60578585966498
              ],
              [
                80.1344235805561,
                21.608234139713186
              ],
              [
                80.12787089697122,
                21.611589446924015
              ],
              [
                80.1197146990446,
                21.609886921088506
              ],
              [
                80.11798127483804,
                21.607597405875765
              ],
              [
                80.11825859464773,
                21.598448326528427
              ],
              [
                80.1161152413293,
                21.59317675070475
              ],
              [
                80.110778449041,
                21.590768858405504
              ],
              [
                80.10111831142865,
                21.589850747045006
              ],
              [
                80.09623688683598,
                21.584836000756763
              ],
              [
                80.09017418752622,
                21.574472446441412
              ],
              [
                80.07225933195339,
                21.556706384725413
              ],
              [
                80.06672138531346,
                21.554116335447326
              ],
              [
                80.05704391650433,
                21.553282119386605
              ],
              [
                80.0445441252271,
                21.55615523788195
              ],
              [
                80.03289088291747,
                21.55613236480072
              ],
              [
                80.00411095428889,
                21.535369002491347
              ],
              [
                79.99849625648937,
                21.53343687217548
              ],
              [
                79.98870619284253,
                21.536836257997567
              ],
              [
                79.97953401380433,
                21.550522855166637
              ],
              [
                79.97149217590494,
                21.557721186098508
              ],
              [
                79.96389925669577,
                21.55835308880584
              ],
              [
                79.9482042657508,
                21.55406559737753
              ],
              [
                79.93589277752682,
                21.55612708536854
              ],
              [
                79.92976363522534,
                21.552452701020187
              ],
              [
                79.9221732914861,
                21.54167177679982
              ],
              [
                79.91844828073508,
                21.524404391565422
              ],
              [
                79.9096852744273,
                21.522621306590526
              ],
              [
                79.8969793368604,
                21.524224260706447
              ],
              [
                79.89121814899089,
                21.51802797099437
              ],
              [
                79.88221662290718,
                21.526055904515665
              ],
              [
                79.87319556744919,
                21.52954276981366
              ],
              [
                79.86314226688138,
                21.530797648504826
              ],
              [
                79.8512448193584,
                21.540502453930504
              ],
              [
                79.8312109646928,
                21.546745691241487
              ],
              [
                79.82851666113586,
                21.548695108619466
              ],
              [
                79.82151831974525,
                21.561545863918862
              ],
              [
                79.79208138577575,
                21.58659138903569
              ],
              [
                79.75431281020971,
                21.595495485083294
              ],
              [
                79.74186881149816,
                21.60300109221432
              ],
              [
                79.73763943354608,
                21.603857435728003
              ],
              [
                79.73281972051848,
                21.603025176475107
              ],
              [
                79.72495361913985,
                21.59580928298046
              ],
              [
                79.71816779399263,
                21.593058573060674
              ],
              [
                79.71202531620077,
                21.59186968225126
              ],
              [
                79.69908103133446,
                21.59290093032808
              ],
              [
                79.6969459838391,
                21.59104585975953
              ],
              [
                79.69501677810464,
                21.585388507028366
              ],
              [
                79.68955895130657,
                21.580956130837734
              ],
              [
                79.68304102354,
                21.58059721304513
              ],
              [
                79.67544236050288,
                21.582297549864883
              ],
              [
                79.66094727174078,
                21.57689579580219
              ],
              [
                79.65829615648776,
                21.563510882288227
              ],
              [
                79.6551917863767,
                21.557873159143245
              ],
              [
                79.65196954921551,
                21.555745266365882
              ],
              [
                79.63950510305145,
                21.552726472034323
              ],
              [
                79.63037565237971,
                21.554301746313307
              ],
              [
                79.62227152440025,
                21.557567389883477
              ],
              [
                79.61851601943859,
                21.557260186297288
              ],
              [
                79.5999807873306,
                21.54948212893809
              ],
              [
                79.59165469642416,
                21.547882022092264
              ],
              [
                79.58138981925076,
                21.541295558187056
              ],
              [
                79.57599330247083,
                21.54200299416207
              ],
              [
                79.56582596347263,
                21.547635244736796
              ],
              [
                79.54062279842037,
                21.542679401408243
              ],
              [
                79.53801462353624,
                21.54551388114181
              ],
              [
                79.53753003723769,
                21.548751507598084
              ],
              [
                79.54393909458169,
                21.559520299455933
              ],
              [
                79.54251974026312,
                21.568225927324328
              ],
              [
                79.53206856238123,
                21.575016517346665
              ],
              [
                79.52865243284911,
                21.57934970940859
              ],
              [
                79.51824744184756,
                21.580359278372427
              ],
              [
                79.51204076415729,
                21.583972218910848
              ],
              [
                79.51002753540101,
                21.5960458249543
              ],
              [
                79.51066701101746,
                21.605628647560582
              ],
              [
                79.50466051660005,
                21.61080391566252
              ],
              [
                79.50367216676828,
                21.614772456529867
              ],
              [
                79.5069886147449,
                21.621118103474103
              ],
              [
                79.51618510668628,
                21.620438050528982
              ],
              [
                79.51702569173867,
                21.625316785100413
              ],
              [
                79.51594398449096,
                21.631020692259064
              ],
              [
                79.50764049789207,
                21.63400056079444
              ],
              [
                79.50649079985546,
                21.638516318358192
              ],
              [
                79.50416724179608,
                21.640772995240813
              ],
              [
                79.50669431767467,
                21.64554924374197
              ],
              [
                79.50166150539707,
                21.65091012034074
              ],
              [
                79.50113680752445,
                21.66016695012077
              ],
              [
                79.49622643562009,
                21.665409378111644
              ],
              [
                79.49617793378127,
                21.67399874933836
              ],
              [
                79.48068894449722,
                21.677618021943406
              ],
              [
                79.46071492840933,
                21.687331411098594
              ],
              [
                79.44946843068394,
                21.681836357541005
              ],
              [
                79.43522566521042,
                21.682606625401434
              ],
              [
                79.42796769543135,
                21.68953324324466
              ],
              [
                79.4222125424439,
                21.691822262215453
              ],
              [
                79.41567510686264,
                21.69116013214769
              ],
              [
                79.41013651343566,
                21.684744566795636
              ],
              [
                79.40271968109019,
                21.682212628953003
              ],
              [
                79.40040615272093,
                21.676553672999923
              ],
              [
                79.39605264735951,
                21.676292908626706
              ],
              [
                79.39245054141075,
                21.67390017223406
              ],
              [
                79.37462177857815,
                21.678194423058844
              ],
              [
                79.35696789976504,
                21.6790411841819
              ],
              [
                79.35233343282376,
                21.67784469892475
              ],
              [
                79.35423785853114,
                21.684623598380828
              ],
              [
                79.34285378651492,
                21.68375249541368
              ],
              [
                79.3245025644114,
                21.68776236686051
              ],
              [
                79.32224737173838,
                21.685231248338038
              ],
              [
                79.31826976371264,
                21.688508271773504
              ],
              [
                79.31142356549013,
                21.688266427973414
              ],
              [
                79.29670385119462,
                21.693303931360067
              ],
              [
                79.29060185777767,
                21.692542231264124
              ],
              [
                79.28861435407616,
                21.69527316939442
              ],
              [
                79.28581182418876,
                21.695465865480358
              ],
              [
                79.2805217128542,
                21.701721563914493
              ],
              [
                79.27792183211511,
                21.70936513097087
              ],
              [
                79.26808366637975,
                21.71540997365515
              ],
              [
                79.24811140919319,
                21.719695266489516
              ],
              [
                79.2449716158155,
                21.721472222675104
              ],
              [
                79.24194535332008,
                21.720178355712182
              ],
              [
                79.2311990644943,
                21.72228070920034
              ],
              [
                79.2307664484299,
                21.71857667007472
              ],
              [
                79.2367339335061,
                21.71580244716506
              ],
              [
                79.23727853355383,
                21.713231953803632
              ],
              [
                79.23347100895073,
                21.708120184111248
              ],
              [
                79.22660320444899,
                21.703429259634106
              ],
              [
                79.22075282644819,
                21.692695100135293
              ],
              [
                79.22170944149593,
                21.67686449414015
              ],
              [
                79.22895737529666,
                21.67379978770781
              ],
              [
                79.23107577072155,
                21.67017102410548
              ],
              [
                79.23119773049612,
                21.656797534850313
              ],
              [
                79.2301959733087,
                21.655533910157523
              ],
              [
                79.22399921212086,
                21.655250998444266
              ],
              [
                79.22390582416224,
                21.64862521354716
              ],
              [
                79.20886603743604,
                21.649885811106216
              ],
              [
                79.15501507156043,
                21.66002256592267
              ],
              [
                79.15921817019719,
                21.65643800044099
              ],
              [
                79.15953422626022,
                21.651835463586867
              ],
              [
                79.15389051557199,
                21.646378671442616
              ],
              [
                79.16265726426123,
                21.645433270638726
              ],
              [
                79.1630218347395,
                21.641151219111183
              ],
              [
                79.16910104688085,
                21.63992283314121
              ],
              [
                79.1683544543533,
                21.637164418419406
              ],
              [
                79.16363014151058,
                21.639040359623305
              ],
              [
                79.1607607814576,
                21.637410786021906
              ],
              [
                79.15145415965563,
                21.640257310261607
              ],
              [
                79.14491849285716,
                21.63451894439353
              ],
              [
                79.1421893813796,
                21.629876340754052
              ],
              [
                79.1407643649798,
                21.63037823425098
              ],
              [
                79.14190447529735,
                21.632992730569864
              ],
              [
                79.1381663724994,
                21.634433562239447
              ],
              [
                79.13426130792442,
                21.632984968855485
              ],
              [
                79.13015921855316,
                21.6257395218318
              ],
              [
                79.1238268602664,
                21.626508819843156
              ],
              [
                79.12266384650236,
                21.624768085643154
              ],
              [
                79.1185531072532,
                21.62373603422183
              ],
              [
                79.11203341878871,
                21.623830401636905
              ],
              [
                79.10023813576466,
                21.617395887954324
              ],
              [
                79.10177702171157,
                21.609016429397993
              ],
              [
                79.10377213234689,
                21.60713647626168
              ],
              [
                79.10664248054668,
                21.606999762073897
              ],
              [
                79.10691115766502,
                21.604816800876343
              ],
              [
                79.10275329728762,
                21.601397979812052
              ],
              [
                79.09329037671107,
                21.601519977641882
              ],
              [
                79.09363880805695,
                21.597998600129603
              ],
              [
                79.08932703662698,
                21.597498024183444
              ],
              [
                79.08827936564708,
                21.603763834530028
              ],
              [
                79.07648044264953,
                21.60539029048929
              ],
              [
                79.06336695291293,
                21.601737148992793
              ],
              [
                79.05538524464541,
                21.601476490045286
              ],
              [
                79.05300339580556,
                21.60418487616079
              ],
              [
                79.05025325566551,
                21.602527089325964
              ],
              [
                79.04610402540305,
                21.60240697242218
              ],
              [
                79.0418969795689,
                21.60456789130971
              ],
              [
                79.02632323603449,
                21.601678682577642
              ],
              [
                79.01922732323095,
                21.602581472855082
              ],
              [
                79.01227300467916,
                21.59940367079916
              ],
              [
                79.00917846662885,
                21.60288172238699
              ],
              [
                79.0028307085232,
                21.60630906079913
              ],
              [
                78.99841820361056,
                21.619018857644775
              ],
              [
                78.9957458162516,
                21.616957037121317
              ],
              [
                78.99120243398859,
                21.616202603021183
              ],
              [
                78.97532137499879,
                21.617624449201085
              ],
              [
                78.97405223696204,
                21.612781741845023
              ],
              [
                78.9697279241524,
                21.61049880934528
              ],
              [
                78.96491396573252,
                21.60486927092692
              ],
              [
                78.95179241361623,
                21.597147701177168
              ],
              [
                78.94721388656434,
                21.596693588172222
              ],
              [
                78.94328050978659,
                21.591934639405526
              ],
              [
                78.92975404654759,
                21.592815645548242
              ],
              [
                78.92745921211939,
                21.59017874122301
              ],
              [
                78.91654533898412,
                21.590895219535213
              ],
              [
                78.91557889367222,
                21.588736588196625
              ],
              [
                78.9141349866003,
                21.588962691337667
              ],
              [
                78.91611217764233,
                21.58753265816049
              ],
              [
                78.91633286226661,
                21.584867753769412
              ],
              [
                78.91486458569767,
                21.58292492485738
              ],
              [
                78.9137486571292,
                21.57093598714125
              ],
              [
                78.91871349927914,
                21.568227432743388
              ],
              [
                78.9227629886973,
                21.56886123450093
              ],
              [
                78.93172819589404,
                21.56446862747951
              ],
              [
                78.93164963822248,
                21.561731810001945
              ],
              [
                78.92770420515527,
                21.559547046057343
              ],
              [
                78.91757500682742,
                21.560990571548352
              ],
              [
                78.91252314038431,
                21.555269163809776
              ],
              [
                78.90657936005182,
                21.553228781778024
              ],
              [
                78.91314346032566,
                21.5507205568969
              ],
              [
                78.91235760782693,
                21.548782697015074
              ],
              [
                78.91840345923357,
                21.547054689270105
              ],
              [
                78.92534896441411,
                21.540750820978804
              ],
              [
                78.92963387262381,
                21.540289099627994
              ],
              [
                78.92571530996338,
                21.532651090145986
              ],
              [
                78.92722531687056,
                21.522170817642788
              ],
              [
                78.93416920328693,
                21.523153197286508
              ],
              [
                78.94418621012065,
                21.51580552608135
              ],
              [
                78.94445920544054,
                21.51258907887901
              ],
              [
                78.94109065517746,
                21.51122848266465
              ],
              [
                78.94004632682872,
                21.507790273145208
              ],
              [
                78.93925696371385,
                21.493493930241275
              ],
              [
                78.93671033779975,
                21.48571502628249
              ],
              [
                78.92307879592698,
                21.48743943033835
              ],
              [
                78.91946074039036,
                21.4892918726233
              ],
              [
                78.9174205693621,
                21.4922412161484
              ],
              [
                78.89927491682985,
                21.50045437831151
              ],
              [
                78.89519713676847,
                21.498269239805616
              ],
              [
                78.89087039132103,
                21.48518319925119
              ],
              [
                78.88145097974693,
                21.48632579171246
              ],
              [
                78.87155938042184,
                21.489599770803714
              ],
              [
                78.86767699381623,
                21.491219088170684
              ],
              [
                78.86807801703041,
                21.49398821344423
              ],
              [
                78.86335567688806,
                21.492607771452395
              ],
              [
                78.85591343120318,
                21.494522856005457
              ],
              [
                78.85624107283844,
                21.492743395702902
              ],
              [
                78.85195748784716,
                21.489619506483365
              ],
              [
                78.84848951025178,
                21.489933306857512
              ],
              [
                78.84109994267345,
                21.486897382572238
              ],
              [
                78.82980872860983,
                21.49006000572231
              ],
              [
                78.82430050183274,
                21.4894054112868
              ],
              [
                78.81984851057346,
                21.487143440580905
              ],
              [
                78.81563301788073,
                21.48757816553449
              ],
              [
                78.81517327808459,
                21.49063168890691
              ],
              [
                78.80027380281588,
                21.490146911460617
              ],
              [
                78.79992367455243,
                21.488269341099045
              ],
              [
                78.79606046068993,
                21.48541105944358
              ],
              [
                78.79005066316722,
                21.48626386836389
              ],
              [
                78.78875893429765,
                21.480760836192623
              ],
              [
                78.78704664475484,
                21.480759272188482
              ],
              [
                78.78669970101905,
                21.4792050583916
              ],
              [
                78.78021779300045,
                21.47873811424818
              ],
              [
                78.77883542232212,
                21.469219291470424
              ],
              [
                78.77619358576766,
                21.46444200570409
              ],
              [
                78.77196721627345,
                21.471534075621577
              ],
              [
                78.77161316506717,
                21.476710373631317
              ],
              [
                78.76882401917915,
                21.47748982985488
              ],
              [
                78.76666245970482,
                21.482714785847005
              ],
              [
                78.76689050692119,
                21.48902643021183
              ],
              [
                78.75664609516657,
                21.490229593524035
              ],
              [
                78.75086344384997,
                21.492975469274004
              ],
              [
                78.74466901738352,
                21.47962788759265
              ],
              [
                78.74571779598614,
                21.47022297420044
              ],
              [
                78.73365980604716,
                21.46954027594574
              ],
              [
                78.73108674630751,
                21.463668829210604
              ],
              [
                78.72816716953182,
                21.462183494622888
              ],
              [
                78.70758864115665,
                21.470377848481853
              ],
              [
                78.7072256301537,
                21.473580534399083
              ],
              [
                78.69988030909471,
                21.473563762531757
              ],
              [
                78.70179334425578,
                21.476145957820222
              ],
              [
                78.69353906736814,
                21.478921829908742
              ],
              [
                78.68851712380715,
                21.477766035080965
              ],
              [
                78.69011719670301,
                21.48017346744888
              ],
              [
                78.68838417494175,
                21.48192060625209
              ],
              [
                78.6716852672594,
                21.480237004209535
              ],
              [
                78.66696426021694,
                21.47698602610724
              ],
              [
                78.65891465278867,
                21.48146822827382
              ],
              [
                78.64329816651468,
                21.48541297280065
              ],
              [
                78.62835808200524,
                21.47549618108921
              ],
              [
                78.62024249511597,
                21.4777710649079
              ],
              [
                78.61865370416179,
                21.481958077682012
              ],
              [
                78.60868844567834,
                21.488889359781822
              ],
              [
                78.60294331429621,
                21.48777195240715
              ],
              [
                78.60080993227741,
                21.48518770555261
              ],
              [
                78.595125733621,
                21.488422715852487
              ],
              [
                78.58543024909885,
                21.486719279074872
              ],
              [
                78.58462629105551,
                21.489626066374953
              ],
              [
                78.58206970731649,
                21.48982701389914
              ],
              [
                78.58250736382794,
                21.49229438724907
              ],
              [
                78.5763921454134,
                21.49788771250518
              ],
              [
                78.57191583136947,
                21.49879795324164
              ],
              [
                78.57330048107369,
                21.50138472070262
              ],
              [
                78.5679916165093,
                21.50567298031986
              ],
              [
                78.5671776629118,
                21.50952593724414
              ],
              [
                78.57015657251368,
                21.514251141778747
              ],
              [
                78.56002769578272,
                21.51327196214412
              ],
              [
                78.5565875686561,
                21.515530964219266
              ],
              [
                78.5561435583606,
                21.51744088642942
              ],
              [
                78.54974627074344,
                21.518270987864497
              ],
              [
                78.54084813895231,
                21.523541348682752
              ],
              [
                78.53094385990698,
                21.523083810321555
              ],
              [
                78.51184098147262,
                21.528513709168855
              ],
              [
                78.50945262883009,
                21.525847247120435
              ],
              [
                78.5049179180045,
                21.526616274306328
              ],
              [
                78.50079758744306,
                21.516906784424133
              ],
              [
                78.49488217950051,
                21.5169759102543
              ],
              [
                78.48702461121873,
                21.505472287029328
              ],
              [
                78.47593046237562,
                21.505727930055723
              ],
              [
                78.4754151977118,
                21.50077797684865
              ],
              [
                78.46985824721202,
                21.50068657247491
              ],
              [
                78.46385265380484,
                21.503644084668153
              ],
              [
                78.46088074926553,
                21.503289013338637
              ],
              [
                78.45706778177014,
                21.495946133756586
              ],
              [
                78.45138120437484,
                21.49652712165902
              ],
              [
                78.449412712618,
                21.49967441319631
              ],
              [
                78.44451442844412,
                21.501702081277088
              ],
              [
                78.43956875095243,
                21.50229099878116
              ],
              [
                78.43601466804044,
                21.50063526076358
              ],
              [
                78.43412311069952,
                21.506012324924708
              ],
              [
                78.43465486394037,
                21.51030315757324
              ],
              [
                78.43227248868777,
                21.51425645114851
              ],
              [
                78.4372674827902,
                21.51576272898347
              ],
              [
                78.43868356724116,
                21.51766373533524
              ],
              [
                78.43098466748971,
                21.52470422225385
              ],
              [
                78.43002867587275,
                21.527491323928157
              ],
              [
                78.43422568842347,
                21.53103970309499
              ],
              [
                78.43488097349065,
                21.53390748034163
              ],
              [
                78.42964121811767,
                21.540490364825434
              ],
              [
                78.42449369457157,
                21.544259190646013
              ],
              [
                78.42666658539487,
                21.549095702065657
              ],
              [
                78.42815698387601,
                21.559252609265236
              ],
              [
                78.42566552979171,
                21.5650977755974
              ],
              [
                78.42564296950168,
                21.569754177768402
              ],
              [
                78.41899395417894,
                21.570603075654684
              ],
              [
                78.41933331433711,
                21.57963557394865
              ],
              [
                78.42186103251112,
                21.590792656528297
              ],
              [
                78.42745389136776,
                21.5989460568711
              ],
              [
                78.41658933484328,
                21.601093682201324
              ],
              [
                78.41267924868586,
                21.60552001473434
              ],
              [
                78.40693853072673,
                21.608772509751898
              ],
              [
                78.39464883652988,
                21.60777625972734
              ],
              [
                78.39306562321522,
                21.609025369168485
              ],
              [
                78.3924523918798,
                21.613719148419467
              ],
              [
                78.38744463990369,
                21.614825960221417
              ],
              [
                78.37265794632225,
                21.613430889151598
              ],
              [
                78.37303943926388,
                21.609962812617617
              ],
              [
                78.37814737585205,
                21.602841920172807
              ],
              [
                78.37835351675186,
                21.597703457181026
              ],
              [
                78.38077564694737,
                21.595783491089218
              ],
              [
                78.38185072013671,
                21.591686775170544
              ],
              [
                78.37803843266596,
                21.5833969996756
              ],
              [
                78.36329234922357,
                21.574863289158284
              ],
              [
                78.35565007657269,
                21.572962345277606
              ],
              [
                78.3491522288477,
                21.57824212507099
              ],
              [
                78.34873498744938,
                21.580270459374184
              ],
              [
                78.34563242025705,
                21.58135122966305
              ],
              [
                78.34295930436443,
                21.58861632870646
              ],
              [
                78.32680851363415,
                21.57457278302485
              ],
              [
                78.32084522997853,
                21.571757224016157
              ],
              [
                78.31458624338927,
                21.572441770398232
              ],
              [
                78.3079393822266,
                21.571005587645832
              ],
              [
                78.3064624917124,
                21.569358634626788
              ],
              [
                78.30413780267406,
                21.569982235313248
              ],
              [
                78.30299382690583,
                21.583728145121956
              ],
              [
                78.29119425801956,
                21.583252909662647
              ],
              [
                78.28679472118634,
                21.58510652303689
              ],
              [
                78.28116512123458,
                21.585225298576432
              ],
              [
                78.27524612721741,
                21.59180117429371
              ],
              [
                78.27184291995061,
                21.590647597424315
              ],
              [
                78.26649712654323,
                21.591718882510317
              ],
              [
                78.26253522017034,
                21.588948056113693
              ],
              [
                78.2602801972789,
                21.579073731544653
              ],
              [
                78.27331636542573,
                21.570711244298998
              ],
              [
                78.27401926120294,
                21.568715293794213
              ],
              [
                78.27028929444654,
                21.568722074840274
              ],
              [
                78.2487594627619,
                21.561892333038738
              ],
              [
                78.23971408990917,
                21.562472098102692
              ],
              [
                78.23204930008738,
                21.55615880958131
              ],
              [
                78.22340991723405,
                21.552552857335392
              ],
              [
                78.20558307410118,
                21.552332393873154
              ],
              [
                78.19124965963236,
                21.555870230192735
              ],
              [
                78.18197846828352,
                21.55663138181001
              ],
              [
                78.17429645057122,
                21.54656269127944
              ],
              [
                78.17295314313299,
                21.538085859581205
              ],
              [
                78.17559970931742,
                21.527474321787093
              ],
              [
                78.17134400443928,
                21.524959234790302
              ],
              [
                78.18273780251509,
                21.51119138984349
              ],
              [
                78.1774050948664,
                21.50725204460183
              ],
              [
                78.17457481152832,
                21.507417530481916
              ],
              [
                78.1763372917427,
                21.49913486495538
              ],
              [
                78.13613270700999,
                21.47722853642339
              ],
              [
                78.12518184484459,
                21.469026769832617
              ],
              [
                78.11818509257371,
                21.466423308382197
              ],
              [
                78.113405368051,
                21.462910923560212
              ],
              [
                78.09877079068823,
                21.458084236194715
              ],
              [
                78.08208365542768,
                21.444775845502157
              ],
              [
                78.06606668852194,
                21.437400351962804
              ],
              [
                78.04601275650975,
                21.433384734247383
              ],
              [
                78.04028060219022,
                21.427856101423295
              ],
              [
                78.02979870282392,
                21.421423570384576
              ],
              [
                78.01896289957507,
                21.417937989353174
              ],
              [
                78.01420272059632,
                21.417947708587498
              ],
              [
                78.00904950532458,
                21.41449927914158
              ],
              [
                78.00136390692751,
                21.414478377526777
              ],
              [
                77.98947318059949,
                21.405299677954446
              ],
              [
                77.98466574664353,
                21.403149816822193
              ],
              [
                77.96504141505135,
                21.402153620685176
              ],
              [
                77.942500616651,
                21.396547066819256
              ],
              [
                77.94041769479833,
                21.390298354783038
              ],
              [
                77.94109557878308,
                21.38570323394911
              ],
              [
                77.9274853925596,
                21.38591927556477
              ],
              [
                77.91211192751945,
                21.381116722656376
              ],
              [
                77.90702944918641,
                21.37782569947801
              ],
              [
                77.8884529646439,
                21.378085355656395
              ],
              [
                77.88314473159515,
                21.375942979526815
              ],
              [
                77.88386833623461,
                21.38415494281878
              ],
              [
                77.86685291165352,
                21.387862257278513
              ],
              [
                77.85681908656106,
                21.388498073317415
              ],
              [
                77.85639448616391,
                21.390168925276328
              ],
              [
                77.84730518749045,
                21.392479670436714
              ],
              [
                77.83618771209434,
                21.400952003903242
              ],
              [
                77.82886969173516,
                21.40266156029017
              ],
              [
                77.82247277422388,
                21.407235122666105
              ],
              [
                77.80118102842889,
                21.4095169957238
              ],
              [
                77.79814251291297,
                21.404811041371595
              ],
              [
                77.79663910862311,
                21.388952346387057
              ],
              [
                77.7640074591778,
                21.38138043498252
              ],
              [
                77.76133358510705,
                21.38500487732785
              ],
              [
                77.75006266308738,
                21.38280656419733
              ],
              [
                77.74593282475696,
                21.378380127034
              ],
              [
                77.74046109203832,
                21.365305229806314
              ],
              [
                77.73827245554469,
                21.36465165942841
              ],
              [
                77.73705408040632,
                21.362179080210545
              ],
              [
                77.72318449576308,
                21.361548557641242
              ],
              [
                77.70988958586497,
                21.357327707819298
              ],
              [
                77.70665773942515,
                21.368081650200274
              ],
              [
                77.7069002629923,
                21.375440897320352
              ],
              [
                77.70459175890045,
                21.37691045848916
              ],
              [
                77.70044538887386,
                21.37358302016221
              ],
              [
                77.69740868525987,
                21.374140159085876
              ],
              [
                77.69543771684782,
                21.3778591121316
              ],
              [
                77.69695377121346,
                21.392594697186933
              ],
              [
                77.69528637767189,
                21.39647618178159
              ],
              [
                77.69182975568003,
                21.397530388881062
              ],
              [
                77.67830547085559,
                21.376443780141184
              ],
              [
                77.66955857223917,
                21.368815706620325
              ],
              [
                77.66424411566211,
                21.374506504183714
              ],
              [
                77.66635076291975,
                21.384069550684355
              ],
              [
                77.65926906415898,
                21.386335337125036
              ],
              [
                77.65598618981777,
                21.38597035161052
              ],
              [
                77.65365262542446,
                21.391193401700445
              ],
              [
                77.64927045392399,
                21.392007712864963
              ],
              [
                77.64310016608755,
                21.38686814265682
              ],
              [
                77.63959980422617,
                21.388683792973197
              ],
              [
                77.63267108676165,
                21.388833252483685
              ],
              [
                77.61771923791524,
                21.386895792569245
              ],
              [
                77.6129116216013,
                21.392346052368755
              ],
              [
                77.60561648762058,
                21.390791891186414
              ],
              [
                77.60334286331458,
                21.38969363539709
              ],
              [
                77.60593637589662,
                21.374076028209057
              ],
              [
                77.60816939994506,
                21.37038484624681
              ],
              [
                77.6077178797338,
                21.36464281339176
              ],
              [
                77.6051284778425,
                21.362355458356166
              ],
              [
                77.59490344274857,
                21.362927387469423
              ],
              [
                77.59181770189984,
                21.364900193185015
              ],
              [
                77.58735892836016,
                21.362668332692696
              ],
              [
                77.58511617465889,
                21.366849489777408
              ],
              [
                77.57344807151951,
                21.370892375826653
              ],
              [
                77.57104883848227,
                21.368573434477547
              ],
              [
                77.5634760100944,
                21.36906508492703
              ],
              [
                77.56262909551253,
                21.375362739367656
              ],
              [
                77.55644940051842,
                21.383755738386437
              ],
              [
                77.55969966870978,
                21.39046916435187
              ],
              [
                77.56241883404051,
                21.390238889107604
              ],
              [
                77.56326131274152,
                21.393246735938387
              ],
              [
                77.56187630371119,
                21.395951216578126
              ],
              [
                77.55857631107392,
                21.40005484713962
              ],
              [
                77.54768523628225,
                21.405428405751863
              ],
              [
                77.54830421593721,
                21.411348911332222
              ],
              [
                77.54275864978702,
                21.411120422732655
              ],
              [
                77.53584902601388,
                21.417587948464757
              ],
              [
                77.53205747345653,
                21.41906710716522
              ],
              [
                77.52921487062261,
                21.415015430076995
              ],
              [
                77.52779922724444,
                21.405524063321742
              ],
              [
                77.52445578040196,
                21.40216666135549
              ],
              [
                77.52550077979221,
                21.397098323738284
              ],
              [
                77.52316864551679,
                21.388875707107147
              ],
              [
                77.51848648881372,
                21.38397721409893
              ],
              [
                77.51673159307526,
                21.3842026142029
              ],
              [
                77.51442416516512,
                21.375929985036667
              ],
              [
                77.50214055705429,
                21.377118267582365
              ],
              [
                77.48864016022988,
                21.374165997807456
              ],
              [
                77.48987712420644,
                21.377543206952204
              ],
              [
                77.4869230593104,
                21.385773288581213
              ],
              [
                77.48757044818619,
                21.40634785075905
              ],
              [
                77.47947520723983,
                21.420230349280942
              ],
              [
                77.47652517128779,
                21.43170305590637
              ],
              [
                77.47167571593947,
                21.43593739427398
              ],
              [
                77.47432127780739,
                21.44648976596745
              ],
              [
                77.47171861947744,
                21.449679506467373
              ],
              [
                77.47342952202148,
                21.454551303822555
              ],
              [
                77.46572393431275,
                21.459798541987997
              ],
              [
                77.45987117577643,
                21.46642195991239
              ],
              [
                77.45289546025286,
                21.466917521308456
              ],
              [
                77.44172921801496,
                21.471417692418452
              ],
              [
                77.4413878528171,
                21.474942806845515
              ],
              [
                77.43872623625839,
                21.478561066581232
              ],
              [
                77.44219613984174,
                21.48056482647042
              ],
              [
                77.44323181292272,
                21.487157793513056
              ],
              [
                77.43548776204845,
                21.499272479041565
              ],
              [
                77.42821284105996,
                21.50671887214449
              ],
              [
                77.42236507176673,
                21.516941534960417
              ],
              [
                77.42244295031196,
                21.532231197724997
              ],
              [
                77.42561451889787,
                21.537783525514637
              ],
              [
                77.4402977337451,
                21.544688855979217
              ],
              [
                77.44972121738238,
                21.54136895554422
              ],
              [
                77.45636184333863,
                21.546207052226308
              ],
              [
                77.4540869838491,
                21.549237970333156
              ],
              [
                77.45461279922593,
                21.553739536679046
              ],
              [
                77.46693245403416,
                21.55298148798542
              ],
              [
                77.47435633366305,
                21.549382994855655
              ],
              [
                77.49266701300118,
                21.54985274504357
              ],
              [
                77.5029673017631,
                21.552295453585938
              ],
              [
                77.50818884648864,
                21.55086125781458
              ],
              [
                77.52039799324555,
                21.541435220438782
              ],
              [
                77.52996642544379,
                21.53976249824208
              ],
              [
                77.53717646201763,
                21.53654873982675
              ],
              [
                77.54734164146588,
                21.53666828629594
              ],
              [
                77.57511625288359,
                21.526410497388255
              ],
              [
                77.58890330391176,
                21.52788786617356
              ],
              [
                77.59504023281012,
                21.526623135036075
              ],
              [
                77.60310729719933,
                21.531689343676103
              ],
              [
                77.6079619987089,
                21.537194703377207
              ],
              [
                77.61177491320367,
                21.538540759525908
              ],
              [
                77.6086075065125,
                21.54815897340838
              ],
              [
                77.59535536091347,
                21.55939670309106
              ],
              [
                77.58195004806697,
                21.553527058226667
              ],
              [
                77.5769749893773,
                21.55490435234038
              ],
              [
                77.57408533009385,
                21.563972741100613
              ],
              [
                77.57683457730849,
                21.577123874687082
              ],
              [
                77.57259303616745,
                21.616940490600093
              ],
              [
                77.57556451400697,
                21.62076549434406
              ],
              [
                77.57229753265977,
                21.62929538842879
              ],
              [
                77.56342763312142,
                21.64422766336344
              ],
              [
                77.56183673651617,
                21.665727724426034
              ],
              [
                77.55413945283392,
                21.6792354688508
              ],
              [
                77.55059162129801,
                21.68243994063528
              ],
              [
                77.54857172614399,
                21.692387065141524
              ],
              [
                77.54380608271336,
                21.70383652711769
              ],
              [
                77.53307371867281,
                21.7118460756711
              ],
              [
                77.52606222235319,
                21.71152132814965
              ],
              [
                77.52312320872971,
                21.71969738955867
              ],
              [
                77.5254927937693,
                21.724354505809984
              ],
              [
                77.52306231103827,
                21.723829196612282
              ],
              [
                77.5118243482064,
                21.732320234055795
              ],
              [
                77.50821375856808,
                21.73859441813023
              ],
              [
                77.5059377034209,
                21.73870272711185
              ],
              [
                77.50346522714528,
                21.741377105307574
              ],
              [
                77.50259553218612,
                21.74582532617648
              ],
              [
                77.49515464026237,
                21.748095145838885
              ],
              [
                77.49333627046427,
                21.74742637028442
              ],
              [
                77.47949423265922,
                21.7541240111164
              ],
              [
                77.47976879464099,
                21.759411600984134
              ],
              [
                77.47797786837478,
                21.762808531324616
              ],
              [
                77.48219876173901,
                21.763821893172732
              ],
              [
                77.48338944002059,
                21.76592536506436
              ],
              [
                77.47911897672064,
                21.769965028182533
              ],
              [
                77.46039323529703,
                21.76336844436212
              ],
              [
                77.4562273080484,
                21.760169158346475
              ],
              [
                77.42948546456003,
                21.757687696062874
              ],
              [
                77.41709491650622,
                21.753450982619874
              ],
              [
                77.40419828367249,
                21.752396977301814
              ],
              [
                77.3812720289635,
                21.7530674150883
              ],
              [
                77.37572292973928,
                21.75489183701427
              ],
              [
                77.3729587695926,
                21.753636853432102
              ],
              [
                77.35894432801653,
                21.754056281059615
              ],
              [
                77.34559392559007,
                21.757681658929418
              ],
              [
                77.32433901162004,
                21.752639278980443
              ],
              [
                77.31570578581966,
                21.756468773977026
              ],
              [
                77.29926573577131,
                21.755852961472094
              ],
              [
                77.28979480491734,
                21.760236371587865
              ],
              [
                77.28054099147768,
                21.758661824603116
              ],
              [
                77.27964153263818,
                21.75410443583337
              ],
              [
                77.27990562116206,
                21.74914622656202
              ],
              [
                77.28717646290083,
                21.74467334619802
              ],
              [
                77.2840226369401,
                21.736713776522148
              ],
              [
                77.29107582586869,
                21.732756302218867
              ],
              [
                77.286902302466,
                21.721841112595044
              ],
              [
                77.27919827513092,
                21.723942918535872
              ],
              [
                77.27156113096201,
                21.72807215855001
              ],
              [
                77.26756673522023,
                21.725308525942392
              ],
              [
                77.25995143628238,
                21.713978636457302
              ],
              [
                77.24884930590797,
                21.71418604353771
              ],
              [
                77.24441220691945,
                21.716405059173514
              ],
              [
                77.24249795184623,
                21.71469144343074
              ],
              [
                77.2355686855111,
                21.71632084548404
              ],
              [
                77.23232507922592,
                21.714959130288065
              ],
              [
                77.22693816094478,
                21.716764271216114
              ],
              [
                77.22766777441517,
                21.699411252428625
              ],
              [
                77.22080193902055,
                21.69648801715687
              ],
              [
                77.21885790210071,
                21.693919630338446
              ],
              [
                77.21290580875856,
                21.694979507315335
              ],
              [
                77.21039535530602,
                21.68964038300406
              ],
              [
                77.20315399447823,
                21.692744469075986
              ],
              [
                77.19891431913801,
                21.697754298546236
              ],
              [
                77.18816027605473,
                21.701682762143886
              ],
              [
                77.19133025192767,
                21.71258683164596
              ],
              [
                77.19147896981957,
                21.720724018339023
              ],
              [
                77.1866906663859,
                21.72283015424786
              ],
              [
                77.18108486011106,
                21.723116518372198
              ],
              [
                77.17605974639547,
                21.725728143919795
              ],
              [
                77.17213029435716,
                21.72482164441421
              ],
              [
                77.16951441911442,
                21.72213397547085
              ],
              [
                77.16954916774624,
                21.71417227811099
              ],
              [
                77.16514786572348,
                21.71071191234352
              ],
              [
                77.14774213393122,
                21.71249418227526
              ],
              [
                77.13920886277421,
                21.71978337717094
              ],
              [
                77.12960170959393,
                21.722213239526422
              ],
              [
                77.11733150704212,
                21.72145879843365
              ],
              [
                77.10799029381349,
                21.718265401510163
              ],
              [
                77.08656376479327,
                21.71439617853011
              ],
              [
                77.07924569412842,
                21.719912418579767
              ],
              [
                77.07324859069897,
                21.71942737146451
              ],
              [
                77.06981783479738,
                21.717255078222724
              ],
              [
                77.06235697332488,
                21.70708406347781
              ],
              [
                77.04351763993363,
                21.699683825404044
              ],
              [
                77.03645115234556,
                21.69427194138212
              ],
              [
                77.02612679053065,
                21.690105515796223
              ],
              [
                77.01493660819041,
                21.682221093389384
              ],
              [
                77.00517613864227,
                21.678273643691206
              ],
              [
                76.99742005932639,
                21.67236164307332
              ],
              [
                76.99176305447024,
                21.665408512367662
              ],
              [
                76.97720460034463,
                21.657360746767033
              ],
              [
                76.97315486478811,
                21.651335819665558
              ],
              [
                76.95433635704006,
                21.642436296123982
              ],
              [
                76.94123297963864,
                21.630876067641676
              ],
              [
                76.9288340547948,
                21.624304389820384
              ],
              [
                76.9110888236055,
                21.60967843778557
              ],
              [
                76.90898880411804,
                21.602756400708362
              ],
              [
                76.90193087028814,
                21.596857492824295
              ],
              [
                76.8974943875439,
                21.596118899746997
              ],
              [
                76.88585271194185,
                21.600102807471426
              ],
              [
                76.86862705643145,
                21.608789150748038
              ],
              [
                76.85445142026248,
                21.613332175480615
              ],
              [
                76.84985631120875,
                21.612132913162146
              ],
              [
                76.84466824130396,
                21.607515496403863
              ],
              [
                76.84216660571423,
                21.603626646931033
              ],
              [
                76.83935835266014,
                21.593331037018483
              ],
              [
                76.83285185326064,
                21.58896512455525
              ],
              [
                76.82732459567426,
                21.588301841130793
              ],
              [
                76.80057222572736,
                21.594943921132092
              ],
              [
                76.79518548800762,
                21.593905201940988
              ],
              [
                76.79097535556215,
                21.58157598189729
              ],
              [
                76.78392154949097,
                21.574088147052258
              ],
              [
                76.78132891276631,
                21.564712622598133
              ],
              [
                76.78166172330774,
                21.55156962888262
              ],
              [
                76.784336980784,
                21.545851415643792
              ],
              [
                76.7890309242819,
                21.5406679194859
              ],
              [
                76.78925112381594,
                21.53637874898503
              ],
              [
                76.78128599844857,
                21.52930478480144
              ],
              [
                76.768719847723,
                21.52656516394855
              ],
              [
                76.76334362927523,
                21.520762017509966
              ],
              [
                76.7728119334553,
                21.50571262533573
              ],
              [
                76.78064570895843,
                21.505593902542863
              ],
              [
                76.78413553447987,
                21.5012849185826
              ],
              [
                76.78768045188102,
                21.501143872091074
              ],
              [
                76.78784678034576,
                21.49801127931355
              ],
              [
                76.79555015460565,
                21.489410322854066
              ],
              [
                76.79396265093723,
                21.479716045087347
              ],
              [
                76.79174339267222,
                21.48033497839519
              ],
              [
                76.78797823531285,
                21.478087064252488
              ],
              [
                76.7857965257284,
                21.46502279245195
              ],
              [
                76.78133419306356,
                21.45999295606786
              ],
              [
                76.76374487347498,
                21.452921705516502
              ],
              [
                76.75726410452016,
                21.448441791485187
              ],
              [
                76.75320424854364,
                21.44303634759082
              ],
              [
                76.74886940568224,
                21.442498201600266
              ],
              [
                76.74428110406174,
                21.43979068869357
              ],
              [
                76.73872083159205,
                21.429749024469906
              ],
              [
                76.74088260306874,
                21.428325726407884
              ],
              [
                76.7407647620698,
                21.42597736895798
              ],
              [
                76.73784113748543,
                21.422397066338092
              ],
              [
                76.74045406625406,
                21.41774916746598
              ],
              [
                76.74020758920132,
                21.41125938945319
              ],
              [
                76.7260735629963,
                21.40471528631793
              ],
              [
                76.71406781637928,
                21.39633157787101
              ],
              [
                76.68265532540327,
                21.37837004630838
              ],
              [
                76.62149647306319,
                21.332228399623503
              ],
              [
                76.63607734464672,
                21.31293849347157
              ],
              [
                76.65252311067523,
                21.294392732272893
              ],
              [
                76.65459533808442,
                21.289694811914924
              ],
              [
                76.66262859797115,
                21.280434539652116
              ],
              [
                76.66268375902118,
                21.275894225216565
              ],
              [
                76.66141324835863,
                21.240620844351213
              ],
              [
                76.64943252611049,
                21.24459486897901
              ],
              [
                76.64157035755613,
                21.23703914548483
              ],
              [
                76.63453385393562,
                21.21899662633325
              ],
              [
                76.63399106129825,
                21.21357005368996
              ],
              [
                76.63694014593439,
                21.202602799458244
              ],
              [
                76.62318526088158,
                21.18491704210026
              ],
              [
                76.61355987998589,
                21.19309430081765
              ],
              [
                76.60569786504344,
                21.190217865258322
              ],
              [
                76.59921084561086,
                21.19062141644447
              ],
              [
                76.56687303509494,
                21.1992609319626
              ],
              [
                76.56029451955575,
                21.198489030974706
              ],
              [
                76.55135259309789,
                21.19193203033184
              ],
              [
                76.53533644186241,
                21.18608389330181
              ],
              [
                76.52980025322546,
                21.181782725812926
              ],
              [
                76.5105424693035,
                21.189643827127245
              ],
              [
                76.50784604931577,
                21.192881324265816
              ],
              [
                76.5067134201679,
                21.18857432814265
              ],
              [
                76.50204057809601,
                21.18730523578313
              ],
              [
                76.50045816877356,
                21.189621877519244
              ],
              [
                76.50187525484604,
                21.193215287128588
              ],
              [
                76.49943966519265,
                21.193624399045248
              ],
              [
                76.49740067455063,
                21.191129989593854
              ],
              [
                76.49238838069246,
                21.193545779236675
              ],
              [
                76.4854132535654,
                21.18560648923925
              ],
              [
                76.48012282063402,
                21.18200812103637
              ],
              [
                76.478169386438,
                21.147218613556603
              ],
              [
                76.47574644865702,
                21.145254451400028
              ],
              [
                76.46597423094161,
                21.14248023130536
              ],
              [
                76.46765244648742,
                21.138174063753418
              ],
              [
                76.47382280349414,
                21.136797976115275
              ],
              [
                76.46886721758487,
                21.133483986120332
              ],
              [
                76.45754549942916,
                21.133095303493853
              ],
              [
                76.45615749811063,
                21.124308471349853
              ],
              [
                76.45123089814064,
                21.12030270277322
              ],
              [
                76.45564880462311,
                21.107623679915164
              ],
              [
                76.44041768123297,
                21.106101407369017
              ],
              [
                76.43725925589798,
                21.100134017108363
              ],
              [
                76.43220212892058,
                21.100230023142405
              ],
              [
                76.42996196955386,
                21.10188877373942
              ],
              [
                76.41027833837315,
                21.102150114863583
              ],
              [
                76.41243686872832,
                21.088328654595866
              ],
              [
                76.40708198437022,
                21.089422844117117
              ],
              [
                76.403594937338,
                21.087033207492627
              ],
              [
                76.38951328560898,
                21.085674355166592
              ],
              [
                76.38130419937004,
                21.078743663483138
              ],
              [
                76.38390534044545,
                21.07567563988349
              ],
              [
                76.37620084059654,
                21.073037042695777
              ],
              [
                76.36973672730541,
                21.07258063789029
              ],
              [
                76.36423864699942,
                21.0758244999446
              ],
              [
                76.34854867584026,
                21.07563785862474
              ],
              [
                76.33706480908084,
                21.071031831051336
              ],
              [
                76.29843757525718,
                21.073449444574713
              ],
              [
                76.29373213512027,
                21.073270123951996
              ],
              [
                76.28801484252878,
                21.070285743254875
              ],
              [
                76.27901079667069,
                21.069906850278162
              ],
              [
                76.27189312038283,
                21.088753939158313
              ],
              [
                76.25899381056952,
                21.090456068488177
              ],
              [
                76.25436121571731,
                21.0890349043332
              ],
              [
                76.24386311882816,
                21.09049546191409
              ],
              [
                76.22891949405818,
                21.08809373122255
              ],
              [
                76.22235010450393,
                21.08483863301414
              ],
              [
                76.21036632439056,
                21.087207640972423
              ],
              [
                76.20305091992547,
                21.085279192309105
              ],
              [
                76.19173770162895,
                21.08656426316964
              ],
              [
                76.18472378524795,
                21.08469143737167
              ],
              [
                76.1788944233332,
                21.08025744552427
              ],
              [
                76.16662075238608,
                21.078945563782973
              ],
              [
                76.16564343745922,
                21.079746031667064
              ],
              [
                76.1672105781168,
                21.085351163390385
              ],
              [
                76.17268865114471,
                21.09026481564985
              ],
              [
                76.16919417684171,
                21.09378750546576
              ],
              [
                76.16984243977832,
                21.10360509687812
              ],
              [
                76.1623189720187,
                21.10472581912778
              ],
              [
                76.15717949827585,
                21.109211134265063
              ],
              [
                76.15286017201433,
                21.10776804874041
              ],
              [
                76.1354159393273,
                21.12068783242457
              ],
              [
                76.13144618078053,
                21.12676315349419
              ],
              [
                76.12955288789445,
                21.135611969363254
              ],
              [
                76.12331088126066,
                21.145095173827507
              ],
              [
                76.11226670839176,
                21.15530295597121
              ],
              [
                76.11017589573765,
                21.161177983460615
              ],
              [
                76.1104716381972,
                21.1667538901716
              ],
              [
                76.11384976719614,
                21.166132927800856
              ],
              [
                76.11887092832451,
                21.171570411108288
              ],
              [
                76.12264872048834,
                21.17172424291516
              ],
              [
                76.12591556708823,
                21.173521282103838
              ],
              [
                76.12576800981968,
                21.17503954753593
              ],
              [
                76.12872970141248,
                21.17567096335982
              ],
              [
                76.13218288465346,
                21.175845578214602
              ],
              [
                76.13262318670343,
                21.169392840389904
              ],
              [
                76.16519622826301,
                21.169373091749314
              ],
              [
                76.16688538259403,
                21.166256838007012
              ],
              [
                76.17170472192245,
                21.166479805748953
              ],
              [
                76.17156441675316,
                21.179661941374736
              ],
              [
                76.17636622096725,
                21.18395072616421
              ],
              [
                76.17301646615485,
                21.18838639813042
              ],
              [
                76.16525499604892,
                21.190343664957727
              ],
              [
                76.16615363652315,
                21.199218260899798
              ],
              [
                76.17130542077867,
                21.198732864024894
              ],
              [
                76.17188529407434,
                21.204942074111024
              ],
              [
                76.16960757255232,
                21.205200133860227
              ],
              [
                76.16943941691429,
                21.206541349042663
              ],
              [
                76.1633137519913,
                21.20646151505684
              ],
              [
                76.16306012434892,
                21.212648398735038
              ],
              [
                76.15828282887071,
                21.213286113086053
              ],
              [
                76.16526330995686,
                21.221169508570103
              ],
              [
                76.15278538906357,
                21.225904496072427
              ],
              [
                76.14089403930471,
                21.227578930127944
              ],
              [
                76.13933655373984,
                21.237255351468047
              ],
              [
                76.1404170653299,
                21.240950640869904
              ],
              [
                76.14414963001411,
                21.243686733898993
              ],
              [
                76.15139650649775,
                21.243480742043836
              ],
              [
                76.15057812779918,
                21.246352986541428
              ],
              [
                76.15355506020911,
                21.24617182229721
              ],
              [
                76.15222594076249,
                21.248411928507103
              ],
              [
                76.15497191002468,
                21.24962632947872
              ],
              [
                76.15368859387779,
                21.251358386859405
              ],
              [
                76.15716385860675,
                21.25084518874892
              ],
              [
                76.15928399406836,
                21.253224664403916
              ],
              [
                76.15917849861634,
                21.255329164899194
              ],
              [
                76.15702113786766,
                21.259068676640712
              ],
              [
                76.15396169789383,
                21.25742086727019
              ],
              [
                76.15383302321251,
                21.264592158032873
              ],
              [
                76.1516577105312,
                21.26404197690648
              ],
              [
                76.15099598993335,
                21.26745121868079
              ],
              [
                76.14638116016421,
                21.268183021717977
              ],
              [
                76.14277621643748,
                21.28565379714485
              ],
              [
                76.12842118760459,
                21.286592880335906
              ],
              [
                76.12474584380732,
                21.297972758879755
              ],
              [
                76.12034033317747,
                21.32283005886603
              ],
              [
                76.1178153737297,
                21.325441946560755
              ],
              [
                76.1158705220379,
                21.333772636580527
              ],
              [
                76.09562065219089,
                21.371118382500566
              ],
              [
                76.04779361882898,
                21.348961528869626
              ],
              [
                76.02930945594484,
                21.36485338723388
              ],
              [
                76.01444974819545,
                21.367331927867568
              ],
              [
                75.98656092317589,
                21.368737320096088
              ],
              [
                75.96294676108022,
                21.389605111514122
              ],
              [
                75.95210947740777,
                21.389472210160232
              ],
              [
                75.94159801268884,
                21.385720071120552
              ],
              [
                75.93866284295648,
                21.386857800704927
              ],
              [
                75.92874631538227,
                21.38643932075391
              ],
              [
                75.9105416102982,
                21.38243040619007
              ],
              [
                75.90313576434862,
                21.39156226107359
              ],
              [
                75.89408686201516,
                21.39114710016107
              ],
              [
                75.89026009460036,
                21.39452447527809
              ],
              [
                75.88552285679732,
                21.39455830985246
              ],
              [
                75.88309842152479,
                21.392910027868616
              ],
              [
                75.87529669880927,
                21.392842355440123
              ],
              [
                75.87029178281452,
                21.391117175955888
              ],
              [
                75.8696918366638,
                21.38639465717039
              ],
              [
                75.86416711771642,
                21.381057738413247
              ],
              [
                75.86257779765448,
                21.382094080592434
              ],
              [
                75.86245260574155,
                21.37996110094936
              ],
              [
                75.85617517314624,
                21.3801244836339
              ],
              [
                75.85558660236197,
                21.38240043084948
              ],
              [
                75.85337344006449,
                21.383303307833508
              ],
              [
                75.84943431227224,
                21.3828510440141
              ],
              [
                75.84796405312146,
                21.381333504644207
              ],
              [
                75.84332577103518,
                21.381883580899302
              ],
              [
                75.84141581709554,
                21.384470723312035
              ],
              [
                75.834628349828,
                21.379971373959524
              ],
              [
                75.83319257071274,
                21.37662476536247
              ],
              [
                75.83083975452456,
                21.376831826181093
              ],
              [
                75.83083931345175,
                21.378105308019425
              ],
              [
                75.81464378123046,
                21.379874791240216
              ],
              [
                75.81305802388695,
                21.378943948081393
              ],
              [
                75.80312325961415,
                21.384494327670566
              ],
              [
                75.8009879111832,
                21.383319248577713
              ],
              [
                75.79920821295975,
                21.38449258530283
              ],
              [
                75.79008585179223,
                21.384488051633447
              ],
              [
                75.78778220848439,
                21.382766315284048
              ],
              [
                75.7865278342593,
                21.384075278849775
              ],
              [
                75.77707249726039,
                21.384521457747166
              ],
              [
                75.7736510577866,
                21.381963424232758
              ],
              [
                75.75517256147529,
                21.379336298813175
              ],
              [
                75.75116641846458,
                21.384616932423256
              ],
              [
                75.73659802088706,
                21.38822295629067
              ],
              [
                75.73257115374274,
                21.387069546252587
              ],
              [
                75.72850759131735,
                21.38863897951451
              ],
              [
                75.7188036608349,
                21.384313936038133
              ],
              [
                75.71621051296886,
                21.385557134663777
              ],
              [
                75.7157924882396,
                21.38793275168632
              ],
              [
                75.70952809109735,
                21.386147668879936
              ],
              [
                75.70327554722529,
                21.388029165142754
              ],
              [
                75.6928346164259,
                21.38364867462177
              ],
              [
                75.69226623976921,
                21.38482758376749
              ],
              [
                75.6876517253087,
                21.38403898847551
              ],
              [
                75.68483917112106,
                21.38020155076411
              ],
              [
                75.67378274433335,
                21.37703941036393
              ],
              [
                75.67012739164443,
                21.37453401087607
              ],
              [
                75.66588559178857,
                21.37740265144285
              ],
              [
                75.65926082828359,
                21.37636086461626
              ],
              [
                75.65776192724829,
                21.37872748795379
              ],
              [
                75.64820577501997,
                21.376940624006284
              ],
              [
                75.64664398023666,
                21.378693035724552
              ],
              [
                75.64156181900893,
                21.374868553643676
              ],
              [
                75.63874622761729,
                21.375081014200397
              ],
              [
                75.63894895402072,
                21.376598322274184
              ],
              [
                75.63655280939145,
                21.377366245648396
              ],
              [
                75.62306286356706,
                21.374977545328775
              ],
              [
                75.62355457440412,
                21.377036779530663
              ],
              [
                75.62005916136165,
                21.375916696090563
              ],
              [
                75.61984214366036,
                21.37892431119398
              ],
              [
                75.61670323691985,
                21.38171943897621
              ],
              [
                75.61649856925712,
                21.388091753347048
              ],
              [
                75.61002468588892,
                21.390560906316352
              ],
              [
                75.60722345316879,
                21.388957498050832
              ],
              [
                75.60697718722017,
                21.391797921671007
              ],
              [
                75.60367437566954,
                21.3911878511373
              ],
              [
                75.59924419011548,
                21.38560556259097
              ],
              [
                75.59650992679977,
                21.387565001498253
              ],
              [
                75.59173203034867,
                21.386191165676234
              ],
              [
                75.58784023299212,
                21.389125674387227
              ],
              [
                75.58204103830124,
                21.384838661118582
              ],
              [
                75.57146850970257,
                21.38169244974629
              ],
              [
                75.57171370845265,
                21.37898160907272
              ],
              [
                75.5785925766054,
                21.378695336109185
              ],
              [
                75.5798887215929,
                21.377476043542888
              ],
              [
                75.57899162801755,
                21.37643832521789
              ],
              [
                75.56581121738554,
                21.37409480579429
              ],
              [
                75.5621847617027,
                21.37624298847247
              ],
              [
                75.55720587439328,
                21.373174728892625
              ],
              [
                75.55643380654259,
                21.374533668736383
              ],
              [
                75.55823037063546,
                21.378252531480193
              ],
              [
                75.55588293984742,
                21.378766376150868
              ],
              [
                75.55192907519296,
                21.37477957994286
              ],
              [
                75.5461246810532,
                21.37214709051025
              ],
              [
                75.54666904933559,
                21.36893864072548
              ],
              [
                75.54376229151902,
                21.368481115723203
              ],
              [
                75.54109074049161,
                21.369680975580877
              ],
              [
                75.54104989589227,
                21.373564639864437
              ],
              [
                75.53506201097427,
                21.373525254221367
              ],
              [
                75.53030486470793,
                21.37899132336843
              ],
              [
                75.52555029031822,
                21.379999993001093
              ],
              [
                75.52009232338298,
                21.38696910044495
              ],
              [
                75.51204887210935,
                21.38204605803444
              ],
              [
                75.49703821325622,
                21.38729736563732
              ],
              [
                75.49412808765567,
                21.385338728661825
              ],
              [
                75.47570960509353,
                21.38630874355563
              ],
              [
                75.46792517404894,
                21.390180622023426
              ],
              [
                75.45752711534647,
                21.387186694324665
              ],
              [
                75.44931674631326,
                21.390145535961498
              ],
              [
                75.44655356173698,
                21.38950098543104
              ],
              [
                75.4401346211282,
                21.384195556051925
              ],
              [
                75.43116148989232,
                21.386444821309652
              ],
              [
                75.42586901958185,
                21.390711785848108
              ],
              [
                75.42038853367906,
                21.387560442830498
              ],
              [
                75.41360175002944,
                21.38822706911048
              ],
              [
                75.40777699018386,
                21.387117506937088
              ],
              [
                75.39790987174692,
                21.379611772167504
              ],
              [
                75.39016920752128,
                21.380612158757675
              ],
              [
                75.3824258851807,
                21.379280988597685
              ],
              [
                75.37590620300439,
                21.386348096482564
              ],
              [
                75.37540895495191,
                21.39023799997455
              ],
              [
                75.37044509196565,
                21.391838022561096
              ],
              [
                75.36601123230206,
                21.3964409115487
              ],
              [
                75.35720095574572,
                21.400815937137647
              ],
              [
                75.35535427194814,
                21.39994861663223
              ],
              [
                75.35438286164766,
                21.392905929399646
              ],
              [
                75.35160887303347,
                21.390574872281864
              ],
              [
                75.32662267717342,
                21.39084183299924
              ],
              [
                75.31608507237807,
                21.38778737899443
              ],
              [
                75.3074965979502,
                21.392356541143513
              ],
              [
                75.29963807745425,
                21.38456389772893
              ],
              [
                75.29618790536612,
                21.38664881599873
              ],
              [
                75.29622478210685,
                21.389749716220347
              ],
              [
                75.30018845905914,
                21.391216270587055
              ],
              [
                75.29840732532789,
                21.39978497004563
              ],
              [
                75.30113993843841,
                21.40988565665795
              ],
              [
                75.29536556689379,
                21.413522692256414
              ],
              [
                75.28740951361246,
                21.411834208397924
              ],
              [
                75.28021259783168,
                21.407183439337114
              ],
              [
                75.26441324331194,
                21.407447190806206
              ],
              [
                75.2548807410301,
                21.401838187826762
              ],
              [
                75.24911217709378,
                21.403427956816373
              ],
              [
                75.24144435815285,
                21.411498667983235
              ],
              [
                75.23334519156866,
                21.414809535592887
              ],
              [
                75.22716173802343,
                21.413440481849282
              ],
              [
                75.22150654057764,
                21.408498980403632
              ],
              [
                75.21708450364149,
                21.408560087064423
              ],
              [
                75.20709022687943,
                21.412760334514726
              ],
              [
                75.1800332148635,
                21.430500151073453
              ],
              [
                75.17016070114495,
                21.431519049941517
              ],
              [
                75.16788477715181,
                21.433443349520253
              ],
              [
                75.12992226699401,
                21.44711310123658
              ],
              [
                75.10769820737633,
                21.462239986523063
              ],
              [
                75.10779414744866,
                21.46662030104429
              ],
              [
                75.10356265486242,
                21.471022691552655
              ],
              [
                75.09895772273104,
                21.4849216053299
              ],
              [
                75.08867054038913,
                21.500728340956837
              ],
              [
                75.08996433628214,
                21.504462094222045
              ],
              [
                75.08881940201147,
                21.50952183285828
              ],
              [
                75.08989173623749,
                21.515345109377304
              ],
              [
                75.08890453085938,
                21.51638128329773
              ],
              [
                75.0867935716884,
                21.515310537303456
              ],
              [
                75.0871643558135,
                21.518076555513986
              ],
              [
                75.05165974407088,
                21.5664957176398
              ],
              [
                75.02003897150972,
                21.568598482142814
              ],
              [
                75.02136454081433,
                21.573607271195968
              ],
              [
                74.9793096610566,
                21.595185699095943
              ],
              [
                74.9709715866243,
                21.596215730806673
              ],
              [
                74.96566656774765,
                21.598630001438227
              ],
              [
                74.93541844699175,
                21.605927198657362
              ],
              [
                74.91042645160823,
                21.614522958612373
              ],
              [
                74.90177538077475,
                21.62918697379833
              ],
              [
                74.89801296597196,
                21.62821211695703
              ],
              [
                74.89313515170842,
                21.62899840790452
              ],
              [
                74.89148357570238,
                21.630597059096203
              ],
              [
                74.89020361566138,
                21.629237931891442
              ],
              [
                74.8874267434551,
                21.631541147454485
              ],
              [
                74.88583518838477,
                21.631126308087293
              ],
              [
                74.88597771508776,
                21.629360136712407
              ],
              [
                74.88411353570172,
                21.631008492965385
              ],
              [
                74.87893611262969,
                21.630024208071312
              ],
              [
                74.87812476145157,
                21.62846624925795
              ],
              [
                74.87556992493577,
                21.630692541005
              ],
              [
                74.87208290305637,
                21.62977125093532
              ],
              [
                74.87189931256513,
                21.6317716570486
              ],
              [
                74.86786814249058,
                21.630859858405618
              ],
              [
                74.86793521879451,
                21.6284382168566
              ],
              [
                74.86547127022592,
                21.628506499531277
              ],
              [
                74.86285798302951,
                21.634403827527134
              ],
              [
                74.85660923094626,
                21.62648821258888
              ],
              [
                74.84996678051165,
                21.623826590264123
              ],
              [
                74.83819540614888,
                21.622053911892486
              ],
              [
                74.83941158849967,
                21.61876152022883
              ],
              [
                74.83121345272401,
                21.618141540306656
              ],
              [
                74.83048144254845,
                21.6115571544104
              ],
              [
                74.82894144538552,
                21.60974159799878
              ],
              [
                74.82657472597167,
                21.611353004690528
              ],
              [
                74.81946716830714,
                21.608546105155327
              ],
              [
                74.81273428177794,
                21.610626026836563
              ],
              [
                74.81220173352806,
                21.61369211701263
              ],
              [
                74.80798644475284,
                21.61207825344423
              ],
              [
                74.80674907833107,
                21.614475724271283
              ],
              [
                74.80272656891417,
                21.613954623019254
              ],
              [
                74.80205464255636,
                21.615245900667713
              ],
              [
                74.79950523815309,
                21.61419251499632
              ],
              [
                74.79796229361773,
                21.60976615802293
              ],
              [
                74.78976064003939,
                21.61260253005337
              ],
              [
                74.78295954173572,
                21.610634039467737
              ],
              [
                74.77503922613136,
                21.615348824662647
              ],
              [
                74.73395838604294,
                21.620566023405054
              ],
              [
                74.70053207881246,
                21.627434674350678
              ],
              [
                74.69967360740446,
                21.629968477056362
              ],
              [
                74.69296622584278,
                21.6326626949258
              ],
              [
                74.68745577124378,
                21.63154401418198
              ],
              [
                74.68515768132102,
                21.633603944016517
              ],
              [
                74.68395734704848,
                21.639456701816783
              ],
              [
                74.67544887478321,
                21.64467953045182
              ],
              [
                74.67746319050099,
                21.64538344630388
              ],
              [
                74.67486981985273,
                21.646440840378965
              ],
              [
                74.67107779298492,
                21.645461981077247
              ],
              [
                74.66840752385342,
                21.648217294085903
              ],
              [
                74.66489342495473,
                21.6472860770859
              ],
              [
                74.66417640047472,
                21.652296972014756
              ],
              [
                74.62340555731278,
                21.65669558382736
              ],
              [
                74.61666051837442,
                21.660735034610955
              ],
              [
                74.58211038279084,
                21.664856539832357
              ],
              [
                74.58390018167135,
                21.673238183542285
              ],
              [
                74.5806033268494,
                21.680150804321958
              ],
              [
                74.58061199738852,
                21.683185278759204
              ],
              [
                74.56273086726641,
                21.68345023112394
              ],
              [
                74.56203909712403,
                21.680929920512938
              ],
              [
                74.55418998109074,
                21.681301015426115
              ],
              [
                74.55375340076098,
                21.68485996070373
              ],
              [
                74.55764600210968,
                21.688198705292745
              ],
              [
                74.55494399190592,
                21.690726315155764
              ],
              [
                74.5565617481382,
                21.692343611585756
              ],
              [
                74.5552647973619,
                21.696592278795933
              ],
              [
                74.55759501103921,
                21.70421127878836
              ],
              [
                74.55613090983971,
                21.70417900699761
              ],
              [
                74.54725578749625,
                21.719492133525435
              ],
              [
                74.53004619476144,
                21.716831938732266
              ],
              [
                74.51299514389447,
                21.718514472163417
              ],
              [
                74.50541575421181,
                21.726149872798004
              ],
              [
                74.50784581653127,
                21.72737997985225
              ],
              [
                74.50754757406033,
                21.73152532658617
              ],
              [
                74.51089416949787,
                21.73514935637909
              ],
              [
                74.5098484685234,
                21.737271119436514
              ],
              [
                74.51187237016357,
                21.745057798910278
              ],
              [
                74.50879436470778,
                21.74969335366766
              ],
              [
                74.5102026652568,
                21.753689544666123
              ],
              [
                74.5132777556795,
                21.756697885617157
              ],
              [
                74.51174788342813,
                21.75974035678176
              ],
              [
                74.51415551930656,
                21.76561691796191
              ],
              [
                74.51006502449063,
                21.772572629435523
              ],
              [
                74.50176646604938,
                21.7814804012454
              ],
              [
                74.49825402364405,
                21.790027149571994
              ],
              [
                74.50028435093346,
                21.806816391730813
              ],
              [
                74.5067319361217,
                21.816331022054285
              ],
              [
                74.51013086561109,
                21.82923007205198
              ],
              [
                74.51400988173772,
                21.86268375676964
              ],
              [
                74.51376127118624,
                21.889989274161454
              ],
              [
                74.52291862173406,
                21.899112300363466
              ],
              [
                74.52417296900965,
                21.911187643019876
              ],
              [
                74.51693506579741,
                21.915838464152483
              ],
              [
                74.51277831933099,
                21.915623402603433
              ],
              [
                74.50934811140174,
                21.920660402428204
              ],
              [
                74.5126832299632,
                21.931915438142017
              ],
              [
                74.50851173495646,
                21.937362784575015
              ],
              [
                74.49997236334032,
                21.93939286278045
              ],
              [
                74.49715641441921,
                21.94174635981253
              ],
              [
                74.49525843951389,
                21.946814148937047
              ],
              [
                74.48911835752888,
                21.943418293016997
              ],
              [
                74.48471073136653,
                21.945818907099905
              ],
              [
                74.48452807961473,
                21.94741302544297
              ],
              [
                74.49051376815187,
                21.951238224152014
              ],
              [
                74.4887702037624,
                21.95617490713574
              ],
              [
                74.48207465840294,
                21.95475693906962
              ],
              [
                74.48162775283727,
                21.95917785775584
              ],
              [
                74.47388403433968,
                21.961047539100914
              ],
              [
                74.46913918421293,
                21.959641370262965
              ],
              [
                74.46875767689829,
                21.96108210157834
              ],
              [
                74.47141215364711,
                21.963640927924512
              ],
              [
                74.46975881963803,
                21.967100706592312
              ],
              [
                74.46764234481121,
                21.96558923403279
              ],
              [
                74.46388609514618,
                21.96607438712491
              ],
              [
                74.46113376401519,
                21.96145189998187
              ],
              [
                74.45341785556212,
                21.961943304822853
              ],
              [
                74.4499915391347,
                21.963854978798366
              ],
              [
                74.44454876450752,
                21.970391218940087
              ],
              [
                74.44473034456914,
                21.975484678335242
              ],
              [
                74.43942980738746,
                21.976728559177257
              ],
              [
                74.43887280519888,
                21.987177627247252
              ],
              [
                74.4415031729621,
                21.990043988012747
              ],
              [
                74.43885510479454,
                21.990898501051042
              ],
              [
                74.43982031402459,
                21.994727258096347
              ],
              [
                74.43818976488438,
                21.997342338963893
              ],
              [
                74.4331300103348,
                21.997646728898975
              ],
              [
                74.43237059435654,
                21.99940796313089
              ],
              [
                74.43779566318948,
                21.99991399398521
              ],
              [
                74.44216485672904,
                22.00303429764345
              ],
              [
                74.4451144273537,
                22.000442916980756
              ],
              [
                74.44723355849885,
                22.00048541657197
              ],
              [
                74.45222091332813,
                22.004657827261315
              ],
              [
                74.44919523114436,
                22.005964228999137
              ],
              [
                74.44805405362821,
                22.009193253801822
              ],
              [
                74.44366786037024,
                22.01117744453028
              ],
              [
                74.44390769527975,
                22.01663656260797
              ],
              [
                74.43877642135881,
                22.020847029822377
              ],
              [
                74.4394471026516,
                22.021942509761875
              ],
              [
                74.44309384498851,
                22.021873368642833
              ],
              [
                74.44353799631952,
                22.023224861752098
              ],
              [
                74.43928666533849,
                22.024671423026966
              ],
              [
                74.43172335010948,
                22.030224518898144
              ],
              [
                74.41608245750756,
                22.02507638288825
              ],
              [
                74.40180657025122,
                22.023215538925747
              ],
              [
                74.39522524927337,
                22.033763367772472
              ],
              [
                74.38945679223657,
                22.032314408724677
              ],
              [
                74.38664791126007,
                22.03380925230759
              ],
              [
                74.38714176547741,
                22.031763699239924
              ],
              [
                74.39595122546517,
                22.030304409755626
              ],
              [
                74.39571815037819,
                22.025992091823436
              ],
              [
                74.39714686693867,
                22.026109328081557
              ],
              [
                74.39808101512116,
                22.02282650045787
              ],
              [
                74.390116277826,
                22.021547404349807
              ],
              [
                74.38416395721008,
                22.01743849807727
              ],
              [
                74.37562149898267,
                22.000442097406342
              ],
              [
                74.36066930069161,
                21.9901658561156
              ],
              [
                74.35355327191395,
                21.980167280155168
              ],
              [
                74.3444715523265,
                21.975117083226184
              ],
              [
                74.33204912036834,
                21.97309562425755
              ],
              [
                74.31218499968071,
                21.973377979292685
              ],
              [
                74.30071428335872,
                21.966978809523752
              ],
              [
                74.2945268583616,
                21.95932162816775
              ],
              [
                74.29223475211694,
                21.946658394222194
              ],
              [
                74.28933461757896,
                21.939811024824778
              ],
              [
                74.28558630902106,
                21.935360996509456
              ],
              [
                74.28099466836265,
                21.93296055507582
              ],
              [
                74.26230191577125,
                21.933869747091673
              ],
              [
                74.24134567815845,
                21.930099275772914
              ],
              [
                74.20524750549018,
                21.92595230144255
              ],
              [
                74.19289645995266,
                21.925817706517332
              ],
              [
                74.17885832441264,
                21.931264217242568
              ],
              [
                74.16983061333673,
                21.942831509980397
              ],
              [
                74.16378623337053,
                21.946978435597845
              ],
              [
                74.1553356745933,
                21.951342251158042
              ],
              [
                74.1467272665493,
                21.952820768848575
              ],
              [
                74.14705298489154,
                21.948417269745676
              ],
              [
                74.14432764543984,
                21.947571926369193
              ],
              [
                74.13982591895486,
                21.946759530820916
              ],
              [
                74.13664605352899,
                21.95112646339886
              ],
              [
                74.12826016896062,
                21.9497083899808
              ],
              [
                74.10804386556251,
                21.944302292974907
              ],
              [
                74.0937872480673,
                21.93750260818259
              ],
              [
                74.07983297025908,
                21.93282213527699
              ],
              [
                74.05005615331194,
                21.92618629245827
              ],
              [
                74.04217949313545,
                21.92193758993578
              ],
              [
                74.0287180086342,
                21.911268408454603
              ],
              [
                73.96536091321686,
                21.884304955221594
              ],
              [
                73.944972109928,
                21.87425343942696
              ],
              [
                73.92957391426806,
                21.864432791930135
              ],
              [
                73.90949100170646,
                21.857018457479068
              ],
              [
                73.90058062497972,
                21.857697342493797
              ],
              [
                73.887504684822,
                21.85453757239626
              ],
              [
                73.87491319980879,
                21.842891749542666
              ],
              [
                73.87114519658662,
                21.841153041163636
              ],
              [
                73.86462997095244,
                21.84095401505099
              ],
              [
                73.85065102540652,
                21.843449548550495
              ],
              [
                73.82628265306965,
                21.84260836116113
              ],
              [
                73.8082432344046,
                21.837553163730078
              ],
              [
                73.79565090407671,
                21.824321831640347
              ],
              [
                73.80308132793247,
                21.82063140195451
              ],
              [
                73.80794679125917,
                21.809845335165722
              ],
              [
                73.82093525077954,
                21.811412789818647
              ],
              [
                73.82641930928224,
                21.810651418218203
              ],
              [
                73.82800282173585,
                21.80417615987117
              ],
              [
                73.83236047911052,
                21.801486047337903
              ],
              [
                73.83150509611048,
                21.79984991233012
              ],
              [
                73.82641884934482,
                21.79787045366281
              ],
              [
                73.82734897936305,
                21.792728506776637
              ],
              [
                73.83393939039327,
                21.792716821654352
              ],
              [
                73.83763430937884,
                21.79000822980992
              ],
              [
                73.83633910313085,
                21.787717161792703
              ],
              [
                73.82885973187189,
                21.78600822473925
              ],
              [
                73.8295876636961,
                21.77770055978542
              ],
              [
                73.8337700417925,
                21.776392152629885
              ],
              [
                73.83428780646776,
                21.77490086115535
              ],
              [
                73.8317024739447,
                21.7710301075275
              ],
              [
                73.82559772719138,
                21.767325342999595
              ],
              [
                73.82349109790007,
                21.764154529123445
              ],
              [
                73.82407719292742,
                21.760976788075766
              ],
              [
                73.82751559439036,
                21.757058122460837
              ],
              [
                73.83285782777433,
                21.755402246624442
              ],
              [
                73.83623431195801,
                21.74675213809091
              ],
              [
                73.84623704186691,
                21.737261949799812
              ],
              [
                73.85035526408237,
                21.73681562251167
              ],
              [
                73.853777589295,
                21.73456726536257
              ],
              [
                73.8584046163891,
                21.726427896987733
              ],
              [
                73.86648054445519,
                21.718903157552017
              ],
              [
                73.8773349940344,
                21.716302390872112
              ],
              [
                73.88296974582431,
                21.71247285120409
              ],
              [
                73.8862598776547,
                21.70653882568426
              ],
              [
                73.88382555552414,
                21.705373039240293
              ],
              [
                73.89040069160124,
                21.697258537207464
              ],
              [
                73.8916792682367,
                21.68044587232533
              ],
              [
                73.89436020665885,
                21.67590267987284
              ],
              [
                73.89369764793285,
                21.671331523855404
              ],
              [
                73.8884741511682,
                21.660263501999868
              ],
              [
                73.88796121044602,
                21.653151282631512
              ],
              [
                73.88382195327985,
                21.653262932973718
              ],
              [
                73.8738079584973,
                21.647231080816198
              ],
              [
                73.85968925934768,
                21.641982699431406
              ],
              [
                73.85196510975021,
                21.646100104481846
              ],
              [
                73.84958016172263,
                21.638648517905786
              ],
              [
                73.84577882291856,
                21.639158200759887
              ],
              [
                73.83863476131415,
                21.633001508529677
              ],
              [
                73.83480737226516,
                21.634152894669075
              ],
              [
                73.8365146240559,
                21.63818556302865
              ],
              [
                73.8350075968605,
                21.639056429330324
              ],
              [
                73.8326174745369,
                21.637929624990235
              ],
              [
                73.83042581611068,
                21.642291694625957
              ],
              [
                73.82484736443455,
                21.63970014633835
              ],
              [
                73.82177454135962,
                21.643346348387883
              ],
              [
                73.81763555278974,
                21.641891380732776
              ],
              [
                73.81431004799842,
                21.644094613906066
              ],
              [
                73.81236935999794,
                21.639998468419822
              ],
              [
                73.80474944910944,
                21.639445590411487
              ],
              [
                73.80162977709581,
                21.63706486422862
              ],
              [
                73.78809261492175,
                21.634024283331392
              ],
              [
                73.7850667863126,
                21.62893416049805
              ],
              [
                73.78055980108994,
                21.628513099071874
              ],
              [
                73.78230802504076,
                21.620949659920967
              ],
              [
                73.7814113473854,
                21.61851751262879
              ],
              [
                73.78783147197373,
                21.615619411003856
              ],
              [
                73.79176109828518,
                21.6098050346276
              ],
              [
                73.79929297876745,
                21.603631077727933
              ],
              [
                73.81222537443094,
                21.602530178796723
              ],
              [
                73.81394999874097,
                21.600706424918542
              ],
              [
                73.81557913752616,
                21.596317509009186
              ],
              [
                73.81529298188735,
                21.58872100655773
              ],
              [
                73.81745854874616,
                21.58734594579647
              ],
              [
                73.8173094760197,
                21.580142166004848
              ],
              [
                73.82308975758058,
                21.564275238643585
              ],
              [
                73.82231995078943,
                21.561712780049707
              ],
              [
                73.82535236225299,
                21.55459834622523
              ],
              [
                73.82765029766556,
                21.554120304893445
              ],
              [
                73.82637210730564,
                21.552087022728934
              ],
              [
                73.82774836674511,
                21.549518637140505
              ],
              [
                73.82739746772714,
                21.544880695083222
              ],
              [
                73.82950210006359,
                21.545116071882312
              ],
              [
                73.83256939490626,
                21.537634010628235
              ],
              [
                73.83476556646848,
                21.520207530138748
              ],
              [
                73.83878721260439,
                21.514622380167175
              ],
              [
                73.8460950658312,
                21.508586068304083
              ],
              [
                73.85338851996231,
                21.497287058086286
              ],
              [
                73.8601478897244,
                21.49936234724568
              ],
              [
                73.8634398262702,
                21.497974662881553
              ],
              [
                73.86489536113514,
                21.500938298983467
              ],
              [
                73.86938958219595,
                21.500951126886275
              ],
              [
                73.87268404210936,
                21.506330353211606
              ],
              [
                73.86636551518305,
                21.50695366557479
              ],
              [
                73.86447648839625,
                21.51221813282018
              ],
              [
                73.86864388349208,
                21.512668695243658
              ],
              [
                73.86861884205523,
                21.51077599606778
              ],
              [
                73.87286850216978,
                21.51039533314848
              ],
              [
                73.87430663127782,
                21.511857269855994
              ],
              [
                73.87670031362492,
                21.51168124531914
              ],
              [
                73.87797418757987,
                21.50427061126948
              ],
              [
                73.89254348796422,
                21.509110971631188
              ],
              [
                73.89383931135482,
                21.5108694090828
              ],
              [
                73.9053623886781,
                21.515685318102435
              ],
              [
                73.90523612687166,
                21.524555774418506
              ],
              [
                73.91203334984323,
                21.522055286389172
              ],
              [
                73.91568598602672,
                21.519128141966167
              ],
              [
                73.92136683127217,
                21.520291923322038
              ],
              [
                73.92120410056013,
                21.524862081201313
              ],
              [
                73.92599191890353,
                21.52524909487246
              ],
              [
                73.92877107732221,
                21.522976751044055
              ],
              [
                73.92918419186012,
                21.517449155760488
              ],
              [
                73.9319039716385,
                21.511980650960606
              ],
              [
                73.93548004261373,
                21.51218594937832
              ],
              [
                73.9416526840362,
                21.516041820824796
              ],
              [
                73.94556343854019,
                21.516485808536938
              ],
              [
                73.94604489600658,
                21.514065044610692
              ],
              [
                73.94868951644013,
                21.514063964015076
              ],
              [
                73.94878512323747,
                21.512239481748246
              ],
              [
                73.9518013740091,
                21.512618068885185
              ],
              [
                73.95216596784356,
                21.518443206989453
              ],
              [
                73.95525430662009,
                21.520277495104654
              ],
              [
                73.95428234475402,
                21.52393235202183
              ],
              [
                73.95599218638773,
                21.525221131909312
              ],
              [
                73.95422892553734,
                21.533620190343193
              ],
              [
                73.9553639927129,
                21.535479854633994
              ],
              [
                73.95458631218828,
                21.540187708220508
              ],
              [
                73.95699064675803,
                21.540803635091713
              ],
              [
                73.96049961088654,
                21.540476785052643
              ],
              [
                73.9622778098218,
                21.527388668436338
              ],
              [
                73.96615948316509,
                21.521534006538985
              ],
              [
                73.97225595643461,
                21.5230841888826
              ],
              [
                73.97728380552026,
                21.521405754814193
              ],
              [
                73.98232753592183,
                21.521822681771436
              ],
              [
                73.98085964742509,
                21.52761874382311
              ],
              [
                73.97527873526342,
                21.53247679797494
              ],
              [
                73.97400712326635,
                21.54263197903122
              ],
              [
                73.98089885080238,
                21.542971369332907
              ],
              [
                73.98263834851855,
                21.540092428993486
              ],
              [
                73.99301499048636,
                21.542676791945475
              ],
              [
                73.9934363874912,
                21.540914743783308
              ],
              [
                73.99615776537249,
                21.539575364212702
              ],
              [
                73.99564293100167,
                21.53808332941683
              ],
              [
                73.9981763328165,
                21.538685504790184
              ],
              [
                74.00181396264318,
                21.54178589120051
              ],
              [
                74.00021584987124,
                21.544929970810674
              ],
              [
                74.00382787950895,
                21.545408242956103
              ],
              [
                74.00522172526672,
                21.553385168469806
              ],
              [
                74.0103458890222,
                21.54913368841026
              ],
              [
                74.0206766288756,
                21.549933188199727
              ],
              [
                74.02995495644107,
                21.545413718296356
              ],
              [
                74.03472119545474,
                21.545899454436075
              ],
              [
                74.03458897152976,
                21.548867015104257
              ],
              [
                74.03572373956635,
                21.550562454521764
              ],
              [
                74.03787016602135,
                21.550680036845428
              ],
              [
                74.03836513953955,
                21.54538131661169
              ],
              [
                74.03697733405374,
                21.54495014098357
              ],
              [
                74.04316309357431,
                21.542273786885005
              ],
              [
                74.04424794672214,
                21.54711700616158
              ],
              [
                74.04740799621118,
                21.54648822204334
              ],
              [
                74.04727998807981,
                21.543769478451363
              ],
              [
                74.05060175138796,
                21.545465550616075
              ],
              [
                74.05005545801592,
                21.547826888608505
              ],
              [
                74.05207210665849,
                21.546452989785283
              ],
              [
                74.05409309236725,
                21.547710136999886
              ],
              [
                74.05451896028725,
                21.558583464338327
              ],
              [
                74.05994724778385,
                21.550233050556074
              ],
              [
                74.06701725317455,
                21.55021264800759
              ],
              [
                74.072233543654,
                21.547826366400255
              ],
              [
                74.08183848518203,
                21.54854361641447
              ],
              [
                74.07925421626426,
                21.554063538712242
              ],
              [
                74.08522237058536,
                21.55509966110057
              ],
              [
                74.08757273796607,
                21.551231883765197
              ],
              [
                74.09688425468804,
                21.550725570831577
              ],
              [
                74.09740490205704,
                21.55520026424665
              ],
              [
                74.10299458267417,
                21.55611180684619
              ],
              [
                74.10988318317474,
                21.555867827332435
              ],
              [
                74.11306218262467,
                21.548358567493448
              ],
              [
                74.11652709965989,
                21.550515614570205
              ],
              [
                74.11559789760136,
                21.553225646974134
              ],
              [
                74.11897939079108,
                21.556214319208724
              ],
              [
                74.12005534971927,
                21.556185743951332
              ],
              [
                74.12015772801723,
                21.551323502815464
              ],
              [
                74.12984023188355,
                21.55111208359839
              ],
              [
                74.13598820467,
                21.548992125224892
              ],
              [
                74.13665391648264,
                21.546343325807573
              ],
              [
                74.13915413273423,
                21.555323701267284
              ],
              [
                74.15400137815573,
                21.55675004951806
              ],
              [
                74.15518258460088,
                21.567044701535504
              ],
              [
                74.15771974317025,
                21.568696465257762
              ],
              [
                74.16473333346279,
                21.568813015346134
              ],
              [
                74.1758163270267,
                21.568692658280778
              ],
              [
                74.1763386093295,
                21.557634126108386
              ],
              [
                74.17514305319597,
                21.55636311899313
              ],
              [
                74.18260630059389,
                21.545223788289103
              ],
              [
                74.18264448887494,
                21.542241033561826
              ],
              [
                74.18507483236709,
                21.54298798028788
              ],
              [
                74.18579181732125,
                21.5416123469677
              ],
              [
                74.18749249344408,
                21.542732269130976
              ],
              [
                74.18776377567671,
                21.540551938367088
              ],
              [
                74.19313541451318,
                21.53945105481662
              ],
              [
                74.19325136455849,
                21.5375465709243
              ],
              [
                74.19518165994941,
                21.53742949769824
              ],
              [
                74.19533874924147,
                21.531941740142273
              ],
              [
                74.20025603458026,
                21.532343593150763
              ],
              [
                74.20205793915753,
                21.5353247003827
              ],
              [
                74.20482708854733,
                21.536658058582827
              ],
              [
                74.20847481633608,
                21.536148617286383
              ],
              [
                74.21359352372453,
                21.53941877713799
              ],
              [
                74.21946607214657,
                21.546126717295987
              ],
              [
                74.22806848393607,
                21.549040577398358
              ],
              [
                74.22898414928156,
                21.554097745638234
              ],
              [
                74.23198728105679,
                21.553322302839657
              ],
              [
                74.23108887414449,
                21.550887914941594
              ],
              [
                74.23487135102252,
                21.55082330617847
              ],
              [
                74.23462660322673,
                21.54833413993205
              ],
              [
                74.23634608647836,
                21.548290795956458
              ],
              [
                74.23596952349106,
                21.539335981003237
              ],
              [
                74.26337465334082,
                21.539831355001276
              ],
              [
                74.26336464970181,
                21.54254676744385
              ],
              [
                74.26645194014444,
                21.542522877842753
              ],
              [
                74.26841957401014,
                21.552536220739157
              ],
              [
                74.27787021012519,
                21.55329102165793
              ],
              [
                74.27610211544027,
                21.561923145347624
              ],
              [
                74.28449816983594,
                21.564125899765315
              ],
              [
                74.28421729000279,
                21.56546598335077
              ],
              [
                74.29494707138689,
                21.566954541040772
              ],
              [
                74.29491586481222,
                21.569015609371814
              ],
              [
                74.29939469144402,
                21.568507341003023
              ],
              [
                74.29941825425392,
                21.566941429075946
              ],
              [
                74.30288957807372,
                21.56663078084344
              ],
              [
                74.30307061195968,
                21.552063611774003
              ],
              [
                74.31393327124226,
                21.550753063499883
              ],
              [
                74.32073113830587,
                21.5516862027637
              ],
              [
                74.32195224611935,
                21.548479456957743
              ],
              [
                74.3241658000823,
                21.551541420335422
              ],
              [
                74.33035623802887,
                21.55274603204035
              ],
              [
                74.33170849987384,
                21.54394860161596
              ],
              [
                74.32638871628713,
                21.542330446548856
              ],
              [
                74.32743266914008,
                21.53965479282248
              ],
              [
                74.33098054649007,
                21.539014939145893
              ],
              [
                74.33058253442873,
                21.53525781351507
              ],
              [
                74.32559617672942,
                21.535905944511157
              ],
              [
                74.32076522667596,
                21.52904555489168
              ],
              [
                74.32171985734522,
                21.52005906851621
              ],
              [
                74.32064057914208,
                21.49843419262615
              ],
              [
                74.30393411303496,
                21.499378650593343
              ],
              [
                74.30399711368246,
                21.48795002034542
              ],
              [
                74.27720267113924,
                21.48234856506817
              ],
              [
                74.27717665682692,
                21.47920554740932
              ],
              [
                74.25578108824295,
                21.47661609688897
              ],
              [
                74.25342143048555,
                21.467576950244634
              ],
              [
                74.24638288589273,
                21.46859732644372
              ],
              [
                74.23562355891893,
                21.467484678158723
              ],
              [
                74.2343943069791,
                21.48221898228708
              ],
              [
                74.21420003925492,
                21.481613833686296
              ],
              [
                74.20869791383524,
                21.466917388384744
              ],
              [
                74.20914123871614,
                21.46206189968786
              ],
              [
                74.1969960609906,
                21.46084420748083
              ],
              [
                74.19766997981169,
                21.458636805819292
              ],
              [
                74.19605489606744,
                21.458165552801557
              ],
              [
                74.19517679018229,
                21.46036623234743
              ],
              [
                74.18769827322116,
                21.458097528536456
              ],
              [
                74.18646934377648,
                21.46097914650873
              ],
              [
                74.18345428147602,
                21.461124767386796
              ],
              [
                74.18228502981061,
                21.469118340385887
              ],
              [
                74.1730547755876,
                21.46626710148974
              ],
              [
                74.17280178125749,
                21.46846983477598
              ],
              [
                74.16098477517326,
                21.46877625214708
              ],
              [
                74.15784944103264,
                21.46747629229237
              ],
              [
                74.15870704466808,
                21.46632579634327
              ],
              [
                74.15540158218904,
                21.462987849200918
              ],
              [
                74.1474946029734,
                21.46134522789448
              ],
              [
                74.14814516380048,
                21.457972814235788
              ],
              [
                74.13588470168129,
                21.456064693283146
              ],
              [
                74.13377773282679,
                21.465793111821196
              ],
              [
                74.12522193910895,
                21.46658273203604
              ],
              [
                74.11978887347337,
                21.465252570222393
              ],
              [
                74.12033863434243,
                21.463298357037555
              ],
              [
                74.11693270068878,
                21.46188794428116
              ],
              [
                74.11631588597368,
                21.452274590978927
              ],
              [
                74.1007077172009,
                21.447636949462662
              ],
              [
                74.09463425158242,
                21.455663390361195
              ],
              [
                74.0864378235041,
                21.455138644608514
              ],
              [
                74.07234627054406,
                21.456955399360773
              ],
              [
                74.07548291353001,
                21.459732621960367
              ],
              [
                74.07397572553623,
                21.461196427810467
              ],
              [
                74.07499892820442,
                21.46371428344347
              ],
              [
                74.07301635535552,
                21.463714438942553
              ],
              [
                74.07422251071107,
                21.46555371080121
              ],
              [
                74.07281170026918,
                21.46870290341117
              ],
              [
                74.06959344713624,
                21.472218667195175
              ],
              [
                74.06309344704782,
                21.4745703988482
              ],
              [
                74.0613730762607,
                21.470320664202404
              ],
              [
                74.06252671700307,
                21.468447729543247
              ],
              [
                74.06087329675573,
                21.46550192021371
              ],
              [
                74.06227289352796,
                21.4642161241518
              ],
              [
                74.06126082368108,
                21.461822303595756
              ],
              [
                74.05949145788006,
                21.459250738864277
              ],
              [
                74.05721438314501,
                21.459344606315337
              ],
              [
                74.05310084654207,
                21.456321729000088
              ],
              [
                74.05302452657386,
                21.454520986277487
              ],
              [
                74.04972592093543,
                21.4526486871509
              ],
              [
                74.0455712405941,
                21.44600810331539
              ],
              [
                74.04552870536541,
                21.444370071675255
              ],
              [
                74.04754543216143,
                21.443711613023552
              ],
              [
                74.04951053547299,
                21.44014048152531
              ],
              [
                74.04723812209598,
                21.43222256022949
              ],
              [
                74.04899105771051,
                21.428001195103672
              ],
              [
                74.04814948720625,
                21.42330419617089
              ],
              [
                74.04467272768063,
                21.4191228221404
              ],
              [
                74.02345185267335,
                21.41771422015307
              ],
              [
                74.0151049406153,
                21.421208920089455
              ],
              [
                74.00899713150518,
                21.419468989091857
              ],
              [
                74.00833941559685,
                21.42279525374254
              ],
              [
                74.00266622489593,
                21.42133947949506
              ],
              [
                74.00067996176786,
                21.420641332408145
              ],
              [
                74.00275400736717,
                21.419162518305033
              ],
              [
                74.00242891155743,
                21.417337267161653
              ],
              [
                73.98679185655838,
                21.411059574728576
              ],
              [
                73.98226878161067,
                21.407833567232053
              ],
              [
                73.97672861972522,
                21.411747774489164
              ],
              [
                73.97784416471303,
                21.407166016689345
              ],
              [
                73.9702575714401,
                21.39763353986554
              ],
              [
                73.95956879096218,
                21.396874020787834
              ],
              [
                73.95929767940945,
                21.39533595003623
              ],
              [
                73.95183702634607,
                21.39519999597798
              ],
              [
                73.94696351321615,
                21.404854055058927
              ],
              [
                73.93874618134116,
                21.404840248528117
              ],
              [
                73.94388768886985,
                21.399788989701793
              ],
              [
                73.94456277190754,
                21.380935765574854
              ],
              [
                73.94898780652179,
                21.350984780908593
              ],
              [
                73.94565783710348,
                21.343392138946015
              ],
              [
                73.94216549001106,
                21.325441568323786
              ],
              [
                73.94198602727857,
                21.299084561769558
              ],
              [
                73.9322352406709,
                21.290537808622997
              ],
              [
                73.92205172391279,
                21.289452615843977
              ],
              [
                73.91877852802043,
                21.285368153941942
              ],
              [
                73.90854289280617,
                21.278482480406502
              ],
              [
                73.90191693274522,
                21.27738321188558
              ],
              [
                73.89724955512521,
                21.272058373300744
              ],
              [
                73.87942578512894,
                21.26577131146178
              ],
              [
                73.86319312374033,
                21.272471955192678
              ],
              [
                73.8597478896913,
                21.271437041879693
              ],
              [
                73.8497585931892,
                21.274638430469697
              ],
              [
                73.83633549639497,
                21.271615295373966
              ],
              [
                73.82658785568745,
                21.26764153344441
              ],
              [
                73.8251158430252,
                21.271278695625057
              ],
              [
                73.82268567290788,
                21.2706689064637
              ],
              [
                73.8215835990561,
                21.268472073602208
              ],
              [
                73.82295782291312,
                21.265218816672498
              ],
              [
                73.8221878409505,
                21.26091044028856
              ],
              [
                73.82730217803507,
                21.25198507753275
              ],
              [
                73.828285094856,
                21.239790983603314
              ],
              [
                73.81162978870263,
                21.231034067276983
              ],
              [
                73.81055448644291,
                21.207423546635273
              ],
              [
                73.81277869262851,
                21.20553818345973
              ],
              [
                73.81525619228319,
                21.19715702341706
              ],
              [
                73.82587121388976,
                21.19993503914964
              ],
              [
                73.82572126350927,
                21.186960543380053
              ],
              [
                73.82310689384295,
                21.18635915926412
              ],
              [
                73.82280410948991,
                21.184945379153152
              ],
              [
                73.81969412670492,
                21.186537217422757
              ],
              [
                73.81568687517314,
                21.173883008836935
              ],
              [
                73.80275228312874,
                21.174841795471547
              ],
              [
                73.79361404244196,
                21.181679523803364
              ],
              [
                73.78475062514666,
                21.18390971166485
              ],
              [
                73.78116748353185,
                21.17090565297697
              ],
              [
                73.77341427433328,
                21.168463285145794
              ],
              [
                73.77214973567077,
                21.164560841193417
              ],
              [
                73.75761778274433,
                21.167348877710975
              ],
              [
                73.74024114379087,
                21.16753211901954
              ],
              [
                73.7401388436463,
                21.17103658066059
              ],
              [
                73.72955565743511,
                21.165186571749924
              ],
              [
                73.72832219419323,
                21.16174790402223
              ],
              [
                73.73388748375379,
                21.157789678370957
              ],
              [
                73.73692882177635,
                21.153058711113314
              ],
              [
                73.73722862731587,
                21.150028032371
              ],
              [
                73.73300625262976,
                21.148126333877737
              ],
              [
                73.73301692731027,
                21.142164097270015
              ],
              [
                73.73161181578054,
                21.140777669000368
              ],
              [
                73.7312229467721,
                21.14178790881157
              ],
              [
                73.72081730898357,
                21.141844372372823
              ],
              [
                73.71829823439921,
                21.141375311352576
              ],
              [
                73.71877833451123,
                21.139568259913126
              ],
              [
                73.71284575706865,
                21.14227796331137
              ],
              [
                73.7105436408968,
                21.145245119641054
              ],
              [
                73.70638386800617,
                21.14442905512824
              ],
              [
                73.70113867333416,
                21.146125083997752
              ],
              [
                73.7015906867205,
                21.153558825294965
              ],
              [
                73.68169341819889,
                21.151168782374768
              ],
              [
                73.67276477333252,
                21.154347331861334
              ],
              [
                73.66754697458175,
                21.154550840878656
              ],
              [
                73.66402772294657,
                21.153087163180775
              ],
              [
                73.6647293844386,
                21.147117844767237
              ],
              [
                73.65731238410814,
                21.145660917719255
              ],
              [
                73.64313766691568,
                21.139382475431457
              ],
              [
                73.63442271778067,
                21.140699538065338
              ],
              [
                73.62720819591863,
                21.143169663358716
              ],
              [
                73.62971562474361,
                21.148648205089447
              ],
              [
                73.62904882147788,
                21.154741017232578
              ],
              [
                73.6144956566327,
                21.155604795541624
              ],
              [
                73.60756940414531,
                21.158801908260084
              ],
              [
                73.60557065084153,
                21.169903473560804
              ],
              [
                73.60650315331043,
                21.178673421235256
              ],
              [
                73.59965407419078,
                21.181615274635913
              ],
              [
                73.59362427208498,
                21.174221051334005
              ],
              [
                73.58077705467673,
                21.169276839811257
              ],
              [
                73.57718896783626,
                21.170581447363972
              ],
              [
                73.57741583017476,
                21.16774284766792
              ],
              [
                73.58305410695385,
                21.160840259664944
              ],
              [
                73.57665528321756,
                21.15649758739196
              ],
              [
                73.57829372585415,
                21.150303638543143
              ],
              [
                73.59856548315307,
                21.156452642854294
              ],
              [
                73.60054431811209,
                21.150039449121987
              ],
              [
                73.60490231684655,
                21.143837108992408
              ],
              [
                73.6174103869974,
                21.142515951207514
              ],
              [
                73.61168657533189,
                21.137901489897303
              ],
              [
                73.61823889509913,
                21.118272563993077
              ],
              [
                73.63080585610503,
                21.123094863804358
              ],
              [
                73.64616227201944,
                21.12106388421256
              ],
              [
                73.65168060843673,
                21.10740772854905
              ],
              [
                73.67698853861073,
                21.108367946053207
              ],
              [
                73.68874073034893,
                21.100601927977763
              ],
              [
                73.70290683179945,
                21.118204362197222
              ],
              [
                73.70308584627264,
                21.111204037965773
              ],
              [
                73.705286539954,
                21.10823522572889
              ],
              [
                73.72948039298734,
                21.099675593599944
              ],
              [
                73.73179819643904,
                21.10409840269899
              ],
              [
                73.74356566043535,
                21.114985151990798
              ],
              [
                73.73299703771157,
                21.09844709696995
              ],
              [
                73.72973581995522,
                21.082238481812706
              ],
              [
                73.74497335462155,
                21.077410709936863
              ],
              [
                73.75745678218753,
                21.071797624772355
              ],
              [
                73.7600247817172,
                21.069204270926818
              ],
              [
                73.78014597328968,
                21.064328050337675
              ],
              [
                73.79415418864252,
                21.07136765031328
              ],
              [
                73.80758399854682,
                21.08462894068041
              ],
              [
                73.81073093892091,
                21.059289180883475
              ],
              [
                73.79534941060277,
                21.044316721260422
              ],
              [
                73.7999488989435,
                21.03856101620583
              ],
              [
                73.81481402173743,
                21.023290959617974
              ],
              [
                73.81848047311169,
                21.021901714761473
              ],
              [
                73.82759376398975,
                21.012993015797107
              ],
              [
                73.83436110450336,
                21.008375851762672
              ],
              [
                73.8386271355157,
                21.007334118494956
              ],
              [
                73.84390094871603,
                21.00169540480067
              ],
              [
                73.84927991331362,
                20.999614556628753
              ],
              [
                73.85445782237424,
                20.994199778996954
              ],
              [
                73.86183301960294,
                20.990232129017617
              ],
              [
                73.86615135053111,
                20.989746400940295
              ],
              [
                73.86885718935461,
                20.985106985815474
              ],
              [
                73.87132192754235,
                20.98555972157766
              ],
              [
                73.89222239235245,
                20.97931436468464
              ],
              [
                73.89624845999619,
                20.981859356206847
              ],
              [
                73.90113548199136,
                20.982149278752022
              ],
              [
                73.90122290333986,
                20.97669323147779
              ],
              [
                73.90315352751419,
                20.972032714293334
              ],
              [
                73.90830248656815,
                20.96676054230533
              ],
              [
                73.90781759214745,
                20.95958249155635
              ],
              [
                73.89885281165043,
                20.96014433303741
              ],
              [
                73.89214945004966,
                20.95555339591101
              ],
              [
                73.88804307122292,
                20.933436810927294
              ],
              [
                73.8999401522333,
                20.920626290827087
              ],
              [
                73.91738216338659,
                20.907626150128134
              ],
              [
                73.92200743337601,
                20.89215751109733
              ],
              [
                73.92557117407561,
                20.888347439193485
              ],
              [
                73.92541654976071,
                20.87721149959237
              ],
              [
                73.92321032425383,
                20.87434193153897
              ],
              [
                73.92463776790154,
                20.86632046430623
              ],
              [
                73.92248569194167,
                20.86224534982198
              ],
              [
                73.92438015802753,
                20.858465445144034
              ],
              [
                73.92356932877061,
                20.851219676057276
              ],
              [
                73.92496640576844,
                20.84815013421451
              ],
              [
                73.92745275832026,
                20.847202058058933
              ],
              [
                73.92919463208035,
                20.842199119658044
              ],
              [
                73.94017689485653,
                20.839293571935514
              ],
              [
                73.94130362656458,
                20.84017542346384
              ],
              [
                73.93943506250163,
                20.838433180120017
              ],
              [
                73.93945508055944,
                20.83435485771133
              ],
              [
                73.94092493187507,
                20.82776218364656
              ],
              [
                73.94412018634009,
                20.823743042806544
              ],
              [
                73.9421833476206,
                20.82347375956818
              ],
              [
                73.93823438507266,
                20.81419420815585
              ],
              [
                73.9320094581074,
                20.808870273385786
              ],
              [
                73.9362031379084,
                20.800873127827302
              ],
              [
                73.9330351850415,
                20.791801227677883
              ],
              [
                73.93478786283953,
                20.77326219073914
              ],
              [
                73.93191761704769,
                20.76054931269159
              ],
              [
                73.93887930268313,
                20.76026523868522
              ],
              [
                73.94136432662664,
                20.75825315796232
              ],
              [
                73.94111279475379,
                20.752430299984557
              ],
              [
                73.9378968934103,
                20.74927154980226
              ],
              [
                73.94106705972607,
                20.748017789697087
              ],
              [
                73.94224786642097,
                20.74232113568666
              ],
              [
                73.934830377407,
                20.73633715318512
              ],
              [
                73.93015169898071,
                20.729306622836713
              ],
              [
                73.92895632430685,
                20.729279850259342
              ],
              [
                73.9283271227223,
                20.734597936657444
              ],
              [
                73.92414781596578,
                20.733607702858702
              ],
              [
                73.92229998591795,
                20.730804190906213
              ],
              [
                73.9176248252943,
                20.72950378248378
              ],
              [
                73.91719369953493,
                20.72489279965744
              ],
              [
                73.9125061134143,
                20.7246339315203
              ],
              [
                73.90592051465907,
                20.72703994856189
              ],
              [
                73.90490958387599,
                20.725308080162705
              ],
              [
                73.89722015326595,
                20.729215655201678
              ],
              [
                73.89580444880237,
                20.73191654496923
              ],
              [
                73.88716343910008,
                20.731501716946937
              ],
              [
                73.88258779114865,
                20.733352745345705
              ],
              [
                73.87902394444787,
                20.730417956193364
              ],
              [
                73.87428570322662,
                20.729568879750744
              ],
              [
                73.87079322677684,
                20.72094414623122
              ],
              [
                73.86864243989942,
                20.719953869343467
              ],
              [
                73.86685407293348,
                20.710631465938853
              ],
              [
                73.86376298621049,
                20.707321717749796
              ],
              [
                73.8626740439315,
                20.70316219301838
              ],
              [
                73.8597469725114,
                20.703097308765592
              ],
              [
                73.86039500997086,
                20.699918368204205
              ],
              [
                73.85630495173618,
                20.70031861657659
              ],
              [
                73.8552149584283,
                20.692207947952525
              ],
              [
                73.85057244258209,
                20.69577951458021
              ],
              [
                73.84341723468162,
                20.698158830205358
              ],
              [
                73.83921670432822,
                20.697945016344146
              ],
              [
                73.83546856285699,
                20.70209556514879
              ],
              [
                73.83128852307524,
                20.70023725322667
              ],
              [
                73.825569145494,
                20.70079922616367
              ],
              [
                73.81206128816115,
                20.6921959878511
              ],
              [
                73.81460419594829,
                20.687576587837846
              ],
              [
                73.81306878109164,
                20.686417910741927
              ],
              [
                73.81695073381098,
                20.678839136840924
              ],
              [
                73.81732078670744,
                20.67178065436147
              ],
              [
                73.83068202191791,
                20.675027350029715
              ],
              [
                73.8323347055467,
                20.666867247545678
              ],
              [
                73.83663874068546,
                20.664198988773432
              ],
              [
                73.83908585662229,
                20.65878137290187
              ],
              [
                73.83818358605598,
                20.654700670703054
              ],
              [
                73.83273318563033,
                20.648734326766238
              ],
              [
                73.83324052266177,
                20.637054361519432
              ],
              [
                73.8383569555159,
                20.62054810478451
              ],
              [
                73.83273075658582,
                20.619101093185044
              ],
              [
                73.8255216201239,
                20.61202277383147
              ],
              [
                73.81743654181832,
                20.613561363891943
              ],
              [
                73.81015784341407,
                20.608347817816806
              ],
              [
                73.80712181712978,
                20.60830943473915
              ],
              [
                73.79845940596417,
                20.598602826107435
              ],
              [
                73.79733261856056,
                20.602523354988747
              ],
              [
                73.79132714642596,
                20.605196599612828
              ],
              [
                73.77802799198813,
                20.599663271693863
              ],
              [
                73.77641644670776,
                20.60081473097097
              ],
              [
                73.7675912832705,
                20.586845598669825
              ],
              [
                73.7636445099169,
                20.586586653393883
              ],
              [
                73.76051816521733,
                20.57331094219396
              ],
              [
                73.74627124144239,
                20.568316103011412
              ],
              [
                73.74465241172338,
                20.56477050858162
              ],
              [
                73.74204444345176,
                20.568756906581207
              ],
              [
                73.73406567806512,
                20.571828367441803
              ],
              [
                73.73238779579428,
                20.574344556850388
              ],
              [
                73.72502980669316,
                20.57378728971837
              ],
              [
                73.71552443712616,
                20.57636567883588
              ],
              [
                73.6997416017262,
                20.575176539236736
              ],
              [
                73.6973851823954,
                20.575707724926882
              ],
              [
                73.69542783873125,
                20.578469033511617
              ],
              [
                73.68494597709422,
                20.57358100055978
              ],
              [
                73.66960111081943,
                20.56319736423866
              ],
              [
                73.66117594651698,
                20.56238377668596
              ],
              [
                73.65706479943267,
                20.564787185331905
              ],
              [
                73.6523895777236,
                20.564480711486148
              ],
              [
                73.65118449495647,
                20.56847114568236
              ],
              [
                73.64511478339756,
                20.573868926773592
              ],
              [
                73.63923866776554,
                20.57756600456627
              ],
              [
                73.6310099066252,
                20.58014520194902
              ],
              [
                73.62757196240474,
                20.583873485619062
              ],
              [
                73.62737099580096,
                20.5963416479247
              ],
              [
                73.62284073792421,
                20.61126294853235
              ],
              [
                73.62135362548038,
                20.612400811739246
              ],
              [
                73.62233961004803,
                20.614159693220692
              ],
              [
                73.61692165048224,
                20.61784078879789
              ],
              [
                73.61480932677034,
                20.6217043532354
              ],
              [
                73.61540978765572,
                20.62464180135619
              ],
              [
                73.61298772303718,
                20.624199494662907
              ],
              [
                73.59957363544699,
                20.636822127381755
              ],
              [
                73.59612213115729,
                20.63602439022956
              ],
              [
                73.58941626774846,
                20.6415740488843
              ],
              [
                73.58593042356037,
                20.64202726119771
              ],
              [
                73.58046628519912,
                20.64632534445678
              ],
              [
                73.57721348106377,
                20.646307267746757
              ],
              [
                73.5693659469637,
                20.65149342082867
              ],
              [
                73.56691532849557,
                20.64837188330251
              ],
              [
                73.56203937194807,
                20.650386730947787
              ],
              [
                73.55794392471998,
                20.645629758604343
              ],
              [
                73.55093706280891,
                20.648451843733646
              ],
              [
                73.53839643771214,
                20.66537063650227
              ],
              [
                73.53340091001043,
                20.669017234491537
              ],
              [
                73.5329930083961,
                20.673029601604416
              ],
              [
                73.52588655835433,
                20.67545785338044
              ],
              [
                73.5227817920862,
                20.67506325035929
              ],
              [
                73.52065576187968,
                20.6787291541854
              ],
              [
                73.51798572541185,
                20.667563849869776
              ],
              [
                73.5110767421375,
                20.665965600069207
              ],
              [
                73.50439307609932,
                20.670800369163594
              ],
              [
                73.5021471450569,
                20.66190210323045
              ],
              [
                73.49933707920256,
                20.65939382214745
              ],
              [
                73.49843376209894,
                20.660112036360047
              ],
              [
                73.49568374682471,
                20.653527042668035
              ],
              [
                73.48929583941575,
                20.65565241151273
              ],
              [
                73.48975269651814,
                20.658346226132664
              ],
              [
                73.48772757496576,
                20.66299337970038
              ],
              [
                73.48914782849795,
                20.6637400740417
              ],
              [
                73.48465065916639,
                20.66549854104376
              ],
              [
                73.48444889036706,
                20.670077866036465
              ],
              [
                73.47968789122646,
                20.67212158963139
              ],
              [
                73.47861845496556,
                20.676580556181484
              ],
              [
                73.48221554112851,
                20.679675875799976
              ],
              [
                73.48379965725,
                20.676221319082995
              ],
              [
                73.48632632080187,
                20.675081901045736
              ],
              [
                73.48847194416304,
                20.678199624693534
              ],
              [
                73.49032855344615,
                20.68630284495918
              ],
              [
                73.48405788785986,
                20.691470851157128
              ],
              [
                73.48400677731348,
                20.7000672676834
              ],
              [
                73.48022128389272,
                20.7070052071488
              ],
              [
                73.47568632872535,
                20.709781227395585
              ],
              [
                73.47470811009333,
                20.720303256407487
              ],
              [
                73.46678130236442,
                20.722044835957426
              ],
              [
                73.45923222722931,
                20.71680056657298
              ],
              [
                73.45274704574982,
                20.716157809022697
              ],
              [
                73.44958930762603,
                20.717550110004144
              ],
              [
                73.4485319950282,
                20.713165569759887
              ],
              [
                73.44499914828953,
                20.70981145188471
              ],
              [
                73.44088402705839,
                20.69966131283719
              ],
              [
                73.44359426762679,
                20.69672045078306
              ],
              [
                73.44787983160664,
                20.695878753652835
              ],
              [
                73.44839158116277,
                20.69221594488322
              ],
              [
                73.44420646500133,
                20.681151693175718
              ],
              [
                73.43219389657804,
                20.67728124055587
              ],
              [
                73.434590655655,
                20.672191656910183
              ],
              [
                73.43369662263986,
                20.6680222958172
              ],
              [
                73.4292563472085,
                20.66344867822304
              ],
              [
                73.41985548135344,
                20.660637769153386
              ],
              [
                73.41307066411596,
                20.66159767725547
              ],
              [
                73.40602550073613,
                20.65493196467537
              ],
              [
                73.40177886435077,
                20.65302001600457
              ],
              [
                73.39576067925827,
                20.652598999804024
              ],
              [
                73.39207189127445,
                20.648881978552012
              ],
              [
                73.39203804904275,
                20.64597471524699
              ],
              [
                73.39417788096532,
                20.640695446626683
              ],
              [
                73.39893918643143,
                20.64025890472377
              ],
              [
                73.40694366249983,
                20.635420540329086
              ],
              [
                73.40743917410884,
                20.632548491242854
              ],
              [
                73.40979283740836,
                20.630262941188274
              ],
              [
                73.40709584968536,
                20.627358457096367
              ],
              [
                73.40726849869644,
                20.623887233977825
              ],
              [
                73.41073563726535,
                20.62690910038471
              ],
              [
                73.42021996828838,
                20.627236777154188
              ],
              [
                73.42457820058486,
                20.619287092674043
              ],
              [
                73.42365073856301,
                20.614342040435012
              ],
              [
                73.42553522346772,
                20.612209867449558
              ],
              [
                73.42570691217978,
                20.60907559021661
              ],
              [
                73.42797031904774,
                20.607200617116447
              ],
              [
                73.42728241974588,
                20.601578031543376
              ],
              [
                73.43167064589136,
                20.60002769115888
              ],
              [
                73.42913258721012,
                20.59752528121018
              ],
              [
                73.43100436724177,
                20.59413804100042
              ],
              [
                73.43567434997608,
                20.59321548880606
              ],
              [
                73.44920357194134,
                20.594159132676506
              ],
              [
                73.45781050944322,
                20.589887553807902
              ],
              [
                73.46402129872257,
                20.589613645074046
              ],
              [
                73.47327455161351,
                20.58463174785935
              ],
              [
                73.47914770550003,
                20.5605297128608
              ],
              [
                73.47533409391256,
                20.543510069939284
              ],
              [
                73.47848775278666,
                20.541665570345362
              ],
              [
                73.4903249529985,
                20.540700798218417
              ],
              [
                73.49385174778712,
                20.538178452172225
              ],
              [
                73.49155261492028,
                20.53475093009543
              ],
              [
                73.46970030691325,
                20.51982860340798
              ],
              [
                73.4669857176006,
                20.509641134967985
              ],
              [
                73.4686325361289,
                20.505960713079915
              ],
              [
                73.46772910943082,
                20.496382756957374
              ],
              [
                73.4644017594999,
                20.49566476554726
              ],
              [
                73.45918164129905,
                20.491756798854304
              ],
              [
                73.45727555101342,
                20.488258578950802
              ],
              [
                73.456313446361,
                20.478239770722883
              ],
              [
                73.44489380375447,
                20.47469203785205
              ],
              [
                73.4355254694891,
                20.45574156955385
              ],
              [
                73.4330239767315,
                20.453550047169397
              ],
              [
                73.43106864170032,
                20.454313897516304
              ],
              [
                73.4315685577492,
                20.449618701912875
              ],
              [
                73.42888704440529,
                20.44209407025592
              ],
              [
                73.42312514866332,
                20.434887557834458
              ],
              [
                73.42117276549615,
                20.42993568169967
              ],
              [
                73.42318885179338,
                20.42205951975084
              ],
              [
                73.4186060757102,
                20.417826975153364
              ],
              [
                73.4196420515234,
                20.41296386247838
              ],
              [
                73.4172506212527,
                20.412993833411207
              ],
              [
                73.4140831669508,
                20.41612730227514
              ],
              [
                73.4123910634507,
                20.410643060366368
              ],
              [
                73.40493664020381,
                20.409874801172666
              ],
              [
                73.40598713997855,
                20.40286931304491
              ],
              [
                73.40198186384207,
                20.405974137953745
              ],
              [
                73.39877188958282,
                20.405005775223014
              ],
              [
                73.39598696847158,
                20.39623129535624
              ],
              [
                73.38789642391751,
                20.398306762822386
              ],
              [
                73.3798411310518,
                20.393403899615986
              ],
              [
                73.3801676578778,
                20.378852624151612
              ],
              [
                73.38290028356478,
                20.372314706567163
              ],
              [
                73.38480110523122,
                20.371188631017922
              ],
              [
                73.38764324543278,
                20.372718195526165
              ],
              [
                73.39940197061803,
                20.384449269990913
              ],
              [
                73.40430203794779,
                20.38582559525779
              ],
              [
                73.40651571497993,
                20.383129114310556
              ],
              [
                73.40651065476992,
                20.373298853067833
              ],
              [
                73.41273319850475,
                20.360786102361125
              ],
              [
                73.41372963497074,
                20.352109066474522
              ],
              [
                73.40993294943985,
                20.350837456437276
              ],
              [
                73.40926780087088,
                20.349121313409203
              ],
              [
                73.41335712697861,
                20.346035882737496
              ],
              [
                73.41222957421039,
                20.343489301004563
              ],
              [
                73.41429360359432,
                20.336028047766245
              ],
              [
                73.4172439836011,
                20.335042474367132
              ],
              [
                73.41853277408134,
                20.330427471669672
              ],
              [
                73.41387288481751,
                20.325630420126434
              ],
              [
                73.41623758751355,
                20.324702644771243
              ],
              [
                73.41688000331595,
                20.320080718074585
              ],
              [
                73.41541662166698,
                20.317330099747995
              ],
              [
                73.41879857030253,
                20.31387983960227
              ],
              [
                73.420500145639,
                20.30726437040959
              ],
              [
                73.420281387901,
                20.297267715682224
              ],
              [
                73.42400695201422,
                20.291423180636805
              ],
              [
                73.42776011776283,
                20.280034461753722
              ],
              [
                73.42738301039644,
                20.278037158937313
              ],
              [
                73.42325569633199,
                20.274680353241404
              ],
              [
                73.41997712042941,
                20.275615279881688
              ],
              [
                73.41836750473031,
                20.273250118215262
              ],
              [
                73.41592689529107,
                20.27490350819644
              ],
              [
                73.41429213215388,
                20.27404465609553
              ],
              [
                73.41296230573316,
                20.269411720662443
              ],
              [
                73.41593313229407,
                20.26781280968655
              ],
              [
                73.41220834163035,
                20.265427661382333
              ],
              [
                73.4155817194398,
                20.2618650350643
              ],
              [
                73.41386097854675,
                20.25956092339281
              ],
              [
                73.41618251360009,
                20.258591280895878
              ],
              [
                73.41136035086677,
                20.253137259793302
              ],
              [
                73.4149167640086,
                20.25143653809851
              ],
              [
                73.41284352060478,
                20.24437407076357
              ],
              [
                73.4176761603893,
                20.242792920793402
              ],
              [
                73.4107726029393,
                20.238497065326264
              ],
              [
                73.41478939098616,
                20.235829465924997
              ],
              [
                73.41229108365454,
                20.23270127049561
              ],
              [
                73.41373481196172,
                20.224762567813613
              ],
              [
                73.41700994731676,
                20.224215341890687
              ],
              [
                73.41825824533723,
                20.221855496919922
              ],
              [
                73.4173501734508,
                20.21434844884693
              ],
              [
                73.41590737400163,
                20.212909233425034
              ],
              [
                73.42022257969091,
                20.211223703351582
              ],
              [
                73.42148213180529,
                20.20645875046048
              ],
              [
                73.41657209856578,
                20.1982027870384
              ],
              [
                73.40639367525532,
                20.195526351600126
              ],
              [
                73.39458459410852,
                20.198811097964033
              ],
              [
                73.39150828467196,
                20.193689798333192
              ],
              [
                73.38945838488912,
                20.19271888673811
              ],
              [
                73.38612162780059,
                20.19626438048636
              ],
              [
                73.38673168628642,
                20.20948823359117
              ],
              [
                73.38401405258324,
                20.211473221582413
              ],
              [
                73.37862690882498,
                20.211060053002896
              ],
              [
                73.37439070367675,
                20.20436230444591
              ],
              [
                73.36640831628289,
                20.203883202111733
              ],
              [
                73.3668945231422,
                20.19690324881083
              ],
              [
                73.36544754742525,
                20.195467042115588
              ],
              [
                73.35589577178901,
                20.19876307252747
              ],
              [
                73.35322335568395,
                20.20138227213758
              ],
              [
                73.36140112126223,
                20.207248790136344
              ],
              [
                73.36017341532298,
                20.210851450993566
              ],
              [
                73.35690283532477,
                20.21290152341345
              ],
              [
                73.35364469789155,
                20.212889850492267
              ],
              [
                73.3466456944426,
                20.20959637335041
              ],
              [
                73.34484017773954,
                20.207155018931907
              ],
              [
                73.34344513273086,
                20.199470265290888
              ],
              [
                73.33529982687708,
                20.200656357814832
              ],
              [
                73.32442821408604,
                20.20632160413211
              ],
              [
                73.31374663899503,
                20.20237773582238
              ],
              [
                73.30531632375273,
                20.208623028510722
              ],
              [
                73.29948854466953,
                20.20946511231994
              ],
              [
                73.29283652627882,
                20.203923139516412
              ],
              [
                73.2893446948194,
                20.198461232340716
              ],
              [
                73.28324057419182,
                20.198103695654464
              ],
              [
                73.2812680031853,
                20.189763700914455
              ],
              [
                73.28046669517208,
                20.15483430953219
              ],
              [
                73.27820073798705,
                20.148655616758855
              ],
              [
                73.26491834431577,
                20.139861348424223
              ],
              [
                73.25785168694611,
                20.137544532475975
              ],
              [
                73.25398741846149,
                20.137756598576576
              ],
              [
                73.25472501885307,
                20.126980740034238
              ],
              [
                73.25011826314169,
                20.12308214007465
              ],
              [
                73.24321176281079,
                20.127881828123147
              ],
              [
                73.2349346624267,
                20.125680843860682
              ],
              [
                73.22927918021496,
                20.122389038094497
              ],
              [
                73.2249378164829,
                20.123565104871812
              ],
              [
                73.22738641553828,
                20.133714864799916
              ],
              [
                73.22702228792943,
                20.137898651379167
              ],
              [
                73.2248693307223,
                20.13995976752546
              ],
              [
                73.21791234507242,
                20.1364082506165
              ],
              [
                73.21699365060775,
                20.128371821743404
              ],
              [
                73.2106581122849,
                20.120451386782353
              ],
              [
                73.2150932466579,
                20.119154293263016
              ],
              [
                73.21509694232697,
                20.118060404744625
              ],
              [
                73.21259985041596,
                20.100149306075412
              ],
              [
                73.21315384234998,
                20.09103286835736
              ],
              [
                73.21066490893836,
                20.085810519879836
              ],
              [
                73.20433503539171,
                20.078717157276635
              ],
              [
                73.19958057329141,
                20.07774672915519
              ],
              [
                73.19730600036446,
                20.07556140162302
              ],
              [
                73.19289216594517,
                20.077508411943803
              ],
              [
                73.18929291843567,
                20.07734591739746
              ],
              [
                73.19036623092703,
                20.072718942085025
              ],
              [
                73.1886890906646,
                20.069884824791107
              ],
              [
                73.18748804851963,
                20.05875081975323
              ],
              [
                73.1885550081253,
                20.056239324036042
              ],
              [
                73.19022728760369,
                20.056564607315313
              ],
              [
                73.19276298461406,
                20.054270500324076
              ],
              [
                73.19230409192926,
                20.049487504853765
              ],
              [
                73.18862497430952,
                20.05087406479731
              ],
              [
                73.18359694735742,
                20.05030079866653
              ],
              [
                73.17887755458752,
                20.047146503428984
              ],
              [
                73.17762224521623,
                20.051096596614407
              ],
              [
                73.17085165549625,
                20.052071923675122
              ],
              [
                73.16845578305649,
                20.05543079410515
              ],
              [
                73.16614131594777,
                20.05470438992384
              ],
              [
                73.16406207808609,
                20.060492393502432
              ],
              [
                73.16054354779807,
                20.06331000026786
              ],
              [
                73.15721991509584,
                20.06279045050729
              ],
              [
                73.15756084101751,
                20.06544155428357
              ],
              [
                73.15601442988344,
                20.065493632074062
              ],
              [
                73.15299736523822,
                20.071941727792883
              ],
              [
                73.15503387922497,
                20.075176374805388
              ],
              [
                73.14959949576084,
                20.078207104005966
              ],
              [
                73.14962799032168,
                20.0747615563216
              ],
              [
                73.14672307135649,
                20.073382129569016
              ],
              [
                73.14357573123209,
                20.075813325301503
              ],
              [
                73.1422965365557,
                20.07948686521255
              ],
              [
                73.13945894542275,
                20.07801293520862
              ],
              [
                73.13782776925851,
                20.078673416432725
              ],
              [
                73.13715059943438,
                20.08597017004738
              ],
              [
                73.13419716695229,
                20.08580996811366
              ],
              [
                73.13141276955888,
                20.081313150242913
              ],
              [
                73.12634997241543,
                20.082694695752355
              ],
              [
                73.12493158648071,
                20.077875859152197
              ],
              [
                73.11962179754987,
                20.07872354506046
              ],
              [
                73.1192789959459,
                20.07507801198586
              ],
              [
                73.11521139020341,
                20.07645562498617
              ],
              [
                73.11202786773602,
                20.074188979057837
              ],
              [
                73.10705795549461,
                20.077913506860956
              ],
              [
                73.10594428349415,
                20.08119229559573
              ],
              [
                73.10688238156898,
                20.084514878142684
              ],
              [
                73.10371219099868,
                20.089530848493197
              ],
              [
                73.09655968253566,
                20.089044957458515
              ],
              [
                73.08558617833351,
                20.090664068408465
              ],
              [
                73.078607890035,
                20.094470118858663
              ],
              [
                73.06798605740198,
                20.096415825363792
              ],
              [
                73.06429430048615,
                20.098514077299093
              ],
              [
                73.05585257484312,
                20.098996269262575
              ],
              [
                73.05401257990117,
                20.094946120063636
              ],
              [
                73.05251069915406,
                20.0894379497859
              ],
              [
                73.0526971561694,
                20.06446101129011
              ],
              [
                73.05177945613974,
                20.063682525816503
              ],
              [
                73.04782396553463,
                20.066318915799254
              ],
              [
                73.04501107447874,
                20.065215150404903
              ],
              [
                73.03961630851526,
                20.06708978826351
              ],
              [
                73.0286882878126,
                20.08148676742447
              ],
              [
                73.02345134147153,
                20.084643342801403
              ],
              [
                73.02205515919572,
                20.090040718954924
              ],
              [
                73.01412893716832,
                20.096209169044084
              ],
              [
                73.01317734370302,
                20.10095069463079
              ],
              [
                73.00840911042944,
                20.108189369071294
              ],
              [
                73.00130682318067,
                20.11167468657601
              ],
              [
                72.99878855708008,
                20.119074717502983
              ],
              [
                72.99990961413046,
                20.122469490232493
              ],
              [
                73.01261023097595,
                20.129552818147786
              ],
              [
                73.01146013947728,
                20.134606660107472
              ],
              [
                73.00608969989172,
                20.135490718774477
              ],
              [
                73.0037219546018,
                20.139973395818746
              ],
              [
                72.99819388134513,
                20.142788619478583
              ],
              [
                72.9949052847356,
                20.13762901332554
              ],
              [
                72.99579323346133,
                20.13254756167695
              ],
              [
                72.99249566358041,
                20.11766868289225
              ],
              [
                72.97961185060407,
                20.11564795910518
              ],
              [
                72.97710738891445,
                20.112686394571604
              ],
              [
                72.9712096894611,
                20.11541130141064
              ],
              [
                72.96868623289478,
                20.124191057884506
              ],
              [
                72.96439200915559,
                20.12595439848203
              ],
              [
                72.96148405837634,
                20.131217141517087
              ],
              [
                72.9604446671684,
                20.13402639549916
              ],
              [
                72.96323328754197,
                20.141170346495862
              ],
              [
                72.97401672350136,
                20.15830214708457
              ],
              [
                72.97342887047101,
                20.173154877221048
              ],
              [
                72.97756909691935,
                20.179392552142797
              ],
              [
                72.97649716513858,
                20.180876532402227
              ],
              [
                72.96723929131383,
                20.18317397027139
              ],
              [
                72.96266953271744,
                20.1824182877359
              ],
              [
                72.95993579581446,
                20.19994843107152
              ],
              [
                72.96161476684344,
                20.20875236311854
              ],
              [
                72.96265793187386,
                20.209679862574944
              ],
              [
                72.94950034833154,
                20.215611128075736
              ],
              [
                72.94143415261323,
                20.216769349514284
              ],
              [
                72.93444269591096,
                20.215711298285754
              ],
              [
                72.92226980785387,
                20.2205878443828
              ],
              [
                72.92121672003283,
                20.222474208335186
              ],
              [
                72.90807462793758,
                20.223185054549592
              ],
              [
                72.90176410050887,
                20.224811183706578
              ],
              [
                72.89940670560769,
                20.22760217324953
              ],
              [
                72.8930541783462,
                20.225606210503095
              ],
              [
                72.8896046620282,
                20.219998563960264
              ],
              [
                72.87910846956746,
                20.226669447493915
              ],
              [
                72.87516856473252,
                20.225770893304283
              ],
              [
                72.87049414521897,
                20.22808482622534
              ],
              [
                72.8587285290572,
                20.224503405019195
              ],
              [
                72.86117673015889,
                20.207371237547527
              ],
              [
                72.83902389796008,
                20.208886889745262
              ],
              [
                72.83567006479629,
                20.204830598421598
              ],
              [
                72.83606270852547,
                20.203166207910293
              ],
              [
                72.83344129337239,
                20.202235170985574
              ],
              [
                72.8308824018614,
                20.196527122819063
              ],
              [
                72.83694482089682,
                20.188216819527707
              ],
              [
                72.83254138807023,
                20.18960424613543
              ],
              [
                72.82969565730251,
                20.187814061741538
              ],
              [
                72.82768132002512,
                20.18920101304264
              ],
              [
                72.82525484827187,
                20.1887529643694
              ],
              [
                72.82524455537532,
                20.18774466296959
              ],
              [
                72.82107969352862,
                20.18772177791869
              ],
              [
                72.81798440718168,
                20.18410899370392
              ],
              [
                72.81602880984245,
                20.18420408987881
              ],
              [
                72.81799621373948,
                20.182363103050083
              ],
              [
                72.82008298666973,
                20.175179022514445
              ],
              [
                72.81975288365061,
                20.17372566297571
              ],
              [
                72.81733840171142,
                20.17400115628485
              ],
              [
                72.81676052716725,
                20.172700792259217
              ],
              [
                72.8195389094415,
                20.17241819343641
              ],
              [
                72.8197475629292,
                20.165497855070292
              ],
              [
                72.81644538558915,
                20.16009530807023
              ],
              [
                72.81631480378452,
                20.156443199214895
              ],
              [
                72.82236197212137,
                20.154742223766807
              ],
              [
                72.8244112781178,
                20.142094214157858
              ],
              [
                72.81949943926453,
                20.144451741768783
              ],
              [
                72.81542595854012,
                20.14441822399123
              ],
              [
                72.81086381316575,
                20.15136206277715
              ],
              [
                72.8064923459902,
                20.152706625867786
              ],
              [
                72.80592784376736,
                20.154344826464992
              ],
              [
                72.80067288350989,
                20.149903960278035
              ],
              [
                72.79893247220708,
                20.151372781445644
              ],
              [
                72.79576725471021,
                20.14899638741389
              ],
              [
                72.78900859821044,
                20.149088663789268
              ],
              [
                72.7883228386956,
                20.147126796157774
              ],
              [
                72.78656696109856,
                20.14723466208179
              ],
              [
                72.78501877938504,
                20.145262030988093
              ],
              [
                72.78747543273525,
                20.144085241098985
              ],
              [
                72.78755173653381,
                20.138694326522696
              ],
              [
                72.79222837219116,
                20.13327705029358
              ],
              [
                72.79407408670652,
                20.12271981512372
              ],
              [
                72.78221974035083,
                20.129616996584446
              ],
              [
                72.77522364834171,
                20.131931121439248
              ],
              [
                72.77291227592914,
                20.130613472426337
              ],
              [
                72.76674864730393,
                20.131295387749667
              ],
              [
                72.7628817665184,
                20.129890342735777
              ],
              [
                72.76008933908469,
                20.131144899657702
              ],
              [
                72.7509942211248,
                20.13109962828914
              ],
              [
                72.74201362399057,
                20.134554423965838
              ],
              [
                72.7374841683094,
                20.134820880059856
              ],
              [
                72.7372098147368,
                20.114692694402958
              ],
              [
                72.73237187309547,
                20.09612780157077
              ],
              [
                72.73501776015351,
                20.092309747540032
              ],
              [
                72.73371234006072,
                20.094085729043975
              ],
              [
                72.72995077326756,
                20.09368922703764
              ],
              [
                72.72697095097737,
                20.080909610624165
              ],
              [
                72.72564160695195,
                20.081727197120635
              ],
              [
                72.71138415402355,
                20.079434776882525
              ],
              [
                72.70809123022924,
                20.0710508950638
              ],
              [
                72.71078022833613,
                20.05602619819344
              ],
              [
                72.71516666773249,
                20.043587651788563
              ],
              [
                72.71495582325385,
                20.030766887748154
              ],
              [
                72.71641254209835,
                20.032306150761787
              ],
              [
                72.71745599548798,
                20.028152726442706
              ],
              [
                72.71523856529456,
                20.026717999062793
              ],
              [
                72.71448394452331,
                20.022452429913773
              ],
              [
                72.71921398502427,
                20.01282768245005
              ],
              [
                72.72239594262645,
                19.994613288668848
              ],
              [
                72.72216014833909,
                19.988636061069403
              ],
              [
                72.71639450302914,
                19.97348134308416
              ],
              [
                72.72198153361622,
                19.97120844345531
              ],
              [
                72.72165230375953,
                19.97862510429335
              ],
              [
                72.72346925062621,
                19.985476825178438
              ],
              [
                72.72492646534077,
                19.988112004596353
              ],
              [
                72.72748695944625,
                19.988705631672037
              ],
              [
                72.73049906359451,
                19.986891240398712
              ],
              [
                72.72915936558711,
                19.980262771124615
              ],
              [
                72.7318031326211,
                19.977868217911933
              ],
              [
                72.72976623325707,
                19.97624697084272
              ],
              [
                72.72479295502829,
                19.975847202899576
              ],
              [
                72.72801818357938,
                19.97333010502455
              ],
              [
                72.73068168031199,
                19.974145389177384
              ],
              [
                72.73238221090774,
                19.9717945406517
              ],
              [
                72.7352414586256,
                19.974029925566406
              ],
              [
                72.73412779650661,
                19.980883125264945
              ],
              [
                72.73528841356547,
                19.98617872257946
              ],
              [
                72.73835728944307,
                19.98928251185001
              ],
              [
                72.74008748420616,
                19.988500264499915
              ],
              [
                72.73720905925364,
                19.984646228885236
              ],
              [
                72.74083121020963,
                19.979094629149856
              ],
              [
                72.73954478948512,
                19.975070342857332
              ],
              [
                72.74165648078308,
                19.969486941154152
              ],
              [
                72.74461099304015,
                19.970529610618623
              ],
              [
                72.7459359541853,
                19.98060839071897
              ],
              [
                72.74773311745452,
                19.97943880763785
              ],
              [
                72.74870777875799,
                19.980920072698538
              ],
              [
                72.75193101304916,
                19.98111470255825
              ],
              [
                72.75837347873858,
                19.984505985729253
              ],
              [
                72.76017993597773,
                19.98253555454299
              ],
              [
                72.76121156753823,
                19.984618923348833
              ],
              [
                72.76377657657628,
                19.982123377085586
              ],
              [
                72.76575985011112,
                19.982164742958805
              ],
              [
                72.76323654446178,
                19.98029044213016
              ],
              [
                72.7624646481893,
                19.977325247931933
              ],
              [
                72.76386849129787,
                19.975556593186273
              ],
              [
                72.7683797713659,
                19.977911130739653
              ],
              [
                72.77064217751064,
                19.97342004226319
              ],
              [
                72.7682097903512,
                19.971746036948186
              ],
              [
                72.77043206515893,
                19.969762189001145
              ],
              [
                72.7676908192385,
                19.968574407425596
              ],
              [
                72.77259910345818,
                19.967660916874873
              ],
              [
                72.76855460597805,
                19.964374205641814
              ],
              [
                72.77659958259103,
                19.961224973640405
              ],
              [
                72.76245294403944,
                19.960539457849407
              ],
              [
                72.76020649736404,
                19.959067975731717
              ],
              [
                72.75906688381481,
                19.96138138395948
              ],
              [
                72.75677057525124,
                19.9602072203252
              ],
              [
                72.75343540638411,
                19.96154260689732
              ],
              [
                72.75239214613227,
                19.961136993401034
              ],
              [
                72.75348538774821,
                19.95758317350332
              ],
              [
                72.7562756080213,
                19.95648447450746
              ],
              [
                72.75418263132565,
                19.95520663017365
              ],
              [
                72.75452343687307,
                19.95392923061667
              ],
              [
                72.7524303802274,
                19.954649884583517
              ],
              [
                72.74944242548894,
                19.95323459495047
              ],
              [
                72.74843893455301,
                19.95521676949056
              ],
              [
                72.74694873010799,
                19.951943240115586
              ],
              [
                72.7528994077052,
                19.952018561211972
              ],
              [
                72.75467884541723,
                19.95037931166677
              ],
              [
                72.7547166698806,
                19.947960650863447
              ],
              [
                72.75570786827015,
                19.94988492214966
              ],
              [
                72.75622942383589,
                19.948055816006047
              ],
              [
                72.75812059130801,
                19.9481364866568
              ],
              [
                72.76023410708429,
                19.952833511374198
              ],
              [
                72.76218580753182,
                19.95178048322994
              ],
              [
                72.76669348535559,
                19.95485895456077
              ],
              [
                72.76850481685342,
                19.953459823352844
              ],
              [
                72.77053959978664,
                19.95398095100196
              ],
              [
                72.7712843103437,
                19.950985648060897
              ],
              [
                72.76815274283909,
                19.945480801767236
              ],
              [
                72.77144863466705,
                19.946423241882492
              ],
              [
                72.7746457711026,
                19.9438045670579
              ],
              [
                72.77271220764065,
                19.94249314108334
              ],
              [
                72.77218859313628,
                19.939353574786093
              ],
              [
                72.7681357161712,
                19.93742824454275
              ],
              [
                72.76836438592001,
                19.935448566754207
              ],
              [
                72.76569863800934,
                19.938024089127136
              ],
              [
                72.76502668290546,
                19.935849203848676
              ],
              [
                72.76400556073548,
                19.93845888187281
              ],
              [
                72.76192203431663,
                19.936136458101302
              ],
              [
                72.76737464010627,
                19.93322174065897
              ],
              [
                72.76537409107021,
                19.926985888370442
              ],
              [
                72.76565755355982,
                19.919622125302354
              ],
              [
                72.7703333986997,
                19.917559382859142
              ],
              [
                72.77089603512172,
                19.915554429229402
              ],
              [
                72.77426700724281,
                19.915105115699156
              ],
              [
                72.7682892876606,
                19.911145991159252
              ],
              [
                72.77084998119203,
                19.912235065296752
              ],
              [
                72.77261157297262,
                19.911122994805986
              ],
              [
                72.77275809807695,
                19.908114899901403
              ],
              [
                72.77019062046845,
                19.908563384435794
              ],
              [
                72.76941692936201,
                19.907312403825042
              ],
              [
                72.77115552606796,
                19.905337868648076
              ],
              [
                72.77304210135235,
                19.90559882963449
              ],
              [
                72.77535973861569,
                19.900958438196284
              ],
              [
                72.77339086597318,
                19.89846262959684
              ],
              [
                72.76590328590916,
                19.901401808279463
              ],
              [
                72.76363009009954,
                19.88872237016019
              ],
              [
                72.76198530715367,
                19.890170774669084
              ],
              [
                72.7605745766618,
                19.885741036163097
              ],
              [
                72.76182351697774,
                19.885261487883806
              ],
              [
                72.75874694972471,
                19.881954194838947
              ],
              [
                72.75876140361761,
                19.883989142443514
              ],
              [
                72.75738424496456,
                19.882214832807417
              ],
              [
                72.75389766236133,
                19.887544237862762
              ],
              [
                72.75604751858411,
                19.889652111049532
              ],
              [
                72.75778547299464,
                19.89884844840583
              ],
              [
                72.75498461936355,
                19.901904486131542
              ],
              [
                72.75505589169819,
                19.908376146015765
              ],
              [
                72.75074218170383,
                19.916400969282993
              ],
              [
                72.74840102205478,
                19.918562315080298
              ],
              [
                72.74715013239467,
                19.917699389063763
              ],
              [
                72.74578153019469,
                19.903785179087315
              ],
              [
                72.74341311835487,
                19.902053768780213
              ],
              [
                72.740476844593,
                19.905161002062943
              ],
              [
                72.74179618228449,
                19.90859765865203
              ],
              [
                72.74007299438061,
                19.910903234907643
              ],
              [
                72.73725536650822,
                19.90736287589566
              ],
              [
                72.73406984349266,
                19.910270303849362
              ],
              [
                72.73789289367883,
                19.916169968484013
              ],
              [
                72.73698760746811,
                19.91766078074151
              ],
              [
                72.73926682827835,
                19.92072904414816
              ],
              [
                72.73899809276952,
                19.92382053051055
              ],
              [
                72.73620721942122,
                19.919542717081438
              ],
              [
                72.73483460983677,
                19.924003277079525
              ],
              [
                72.73256034952352,
                19.920916821977656
              ],
              [
                72.72952678372484,
                19.921043187209175
              ],
              [
                72.72872449025974,
                19.922617515444863
              ],
              [
                72.73051372679487,
                19.9269953901894
              ],
              [
                72.72798551185252,
                19.9259467679924
              ],
              [
                72.72782447356647,
                19.928109052453465
              ],
              [
                72.7259074004782,
                19.92829919969573
              ],
              [
                72.72834920467676,
                19.93540935389305
              ],
              [
                72.72553066411604,
                19.933703666927627
              ],
              [
                72.72510367779351,
                19.935367025712246
              ],
              [
                72.72224688966291,
                19.935275196246025
              ],
              [
                72.72028470318106,
                19.937977884674538
              ],
              [
                72.72193782698436,
                19.94004730039918
              ],
              [
                72.72514216701018,
                19.940594812670742
              ],
              [
                72.7244614551289,
                19.942090401271248
              ],
              [
                72.72181367172726,
                19.94224645561805
              ],
              [
                72.72107485591512,
                19.944766458630625
              ],
              [
                72.72236943064748,
                19.94643590828958
              ],
              [
                72.7184793005641,
                19.945150207053665
              ],
              [
                72.71887191285228,
                19.949146464786047
              ],
              [
                72.72058085078079,
                19.951674137111763
              ],
              [
                72.72165444803812,
                19.950150094110718
              ],
              [
                72.72460309609302,
                19.95183635031464
              ],
              [
                72.72614330615666,
                19.951005635917568
              ],
              [
                72.72595829003905,
                19.95414849328619
              ],
              [
                72.72369389502425,
                19.9566862449891
              ],
              [
                72.72007726331736,
                19.955149404829367
              ],
              [
                72.7110875815207,
                19.96018916467055
              ],
              [
                72.71817645243068,
                19.964322560431757
              ],
              [
                72.71414031557092,
                19.963717243738774
              ],
              [
                72.71354694149483,
                19.965344925921137
              ],
              [
                72.71060303025644,
                19.963483739444904
              ],
              [
                72.71403056839267,
                19.966920107694627
              ],
              [
                72.71812120514238,
                19.966039092861323
              ],
              [
                72.7209586759011,
                19.967953351347177
              ],
              [
                72.7120428086713,
                19.968663369668196
              ],
              [
                72.7054553818445,
                19.966588373315275
              ],
              [
                72.69794323375577,
                19.959587709402367
              ],
              [
                72.70215634950628,
                19.96057639400783
              ],
              [
                72.70424283767062,
                19.9591019341793
              ],
              [
                72.70356066333207,
                19.95842726344923
              ],
              [
                72.70188721873873,
                19.96001963105779
              ],
              [
                72.69868158693555,
                19.958300717034387
              ],
              [
                72.69566258642088,
                19.95997235902369
              ],
              [
                72.68996142397864,
                19.958630179778595
              ],
              [
                72.68274182843184,
                19.94567087067777
              ],
              [
                72.68584398689073,
                19.94150537681029
              ],
              [
                72.68304115606769,
                19.941770765513986
              ],
              [
                72.68158679170752,
                19.939808882624174
              ],
              [
                72.68169466589843,
                19.943474306611833
              ],
              [
                72.66374776741944,
                19.93370644024976
              ],
              [
                72.66558850526812,
                19.929532439870318
              ],
              [
                72.66985075616974,
                19.92882363222689
              ],
              [
                72.67603950079197,
                19.920574061416016
              ],
              [
                72.67698514381684,
                19.916823953407476
              ],
              [
                72.67342344588617,
                19.92220939412528
              ],
              [
                72.6764538316488,
                19.915451777465407
              ],
              [
                72.67568235938111,
                19.90458432712017
              ],
              [
                72.6781702327807,
                19.900925225765214
              ],
              [
                72.68033397695778,
                19.900397760407486
              ],
              [
                72.68176227580165,
                19.9026123805736
              ],
              [
                72.68204522355659,
                19.908947908299325
              ],
              [
                72.68492744119621,
                19.910755129559213
              ],
              [
                72.68589509653879,
                19.909667986177507
              ],
              [
                72.68239150164072,
                19.907870203099176
              ],
              [
                72.68244485617869,
                19.903449478205808
              ],
              [
                72.68024170829999,
                19.898248453218372
              ],
              [
                72.6822023227301,
                19.888854462218784
              ],
              [
                72.68058451888717,
                19.866253519505367
              ],
              [
                72.68342482742383,
                19.870184297890397
              ],
              [
                72.68676273435595,
                19.870092978045975
              ],
              [
                72.68617396953562,
                19.873724831750867
              ],
              [
                72.6880516991094,
                19.875130595689612
              ],
              [
                72.68965381836747,
                19.86690924148565
              ],
              [
                72.69545940008003,
                19.865135021130317
              ],
              [
                72.69716141559094,
                19.876713886921262
              ],
              [
                72.70143553772905,
                19.880440481335903
              ],
              [
                72.70335783721565,
                19.877004767137674
              ],
              [
                72.69955915562821,
                19.875155580034562
              ],
              [
                72.70014322854784,
                19.85911755612621
              ],
              [
                72.69854339999371,
                19.85647001485825
              ],
              [
                72.69578643984403,
                19.86065683499803
              ],
              [
                72.69370885847574,
                19.85920528896246
              ],
              [
                72.68861936070708,
                19.861199240919888
              ],
              [
                72.68653799204156,
                19.859124586482015
              ],
              [
                72.68525510169611,
                19.860010017636608
              ],
              [
                72.6859276811291,
                19.867046518836172
              ],
              [
                72.68401143538922,
                19.868026957691406
              ],
              [
                72.68271254065864,
                19.865593757234006
              ],
              [
                72.6772104008659,
                19.862667947537286
              ],
              [
                72.67208418086678,
                19.85465903791245
              ],
              [
                72.67247465426627,
                19.852533207680402
              ],
              [
                72.67501511234765,
                19.852027231748217
              ],
              [
                72.68057366993347,
                19.8553480416465
              ],
              [
                72.68255198297129,
                19.8521751976708
              ],
              [
                72.67844277894295,
                19.84818100892401
              ],
              [
                72.67509313552165,
                19.848560303770395
              ],
              [
                72.67732555859713,
                19.850132334430743
              ],
              [
                72.67760066585627,
                19.85299634342445
              ],
              [
                72.67486312368978,
                19.850775622200025
              ],
              [
                72.67116080168792,
                19.85091744744393
              ],
              [
                72.66764721842219,
                19.848011307106063
              ],
              [
                72.66878359084986,
                19.8482530122854
              ],
              [
                72.66915729988953,
                19.8444316871873
              ],
              [
                72.666552181074,
                19.847848162788296
              ],
              [
                72.66285306066779,
                19.84649695356693
              ],
              [
                72.65833369486388,
                19.847846476261772
              ],
              [
                72.6546083840756,
                19.83628170064975
              ],
              [
                72.66185690447621,
                19.82616079078726
              ],
              [
                72.66483033704978,
                19.826941547701978
              ],
              [
                72.66470035711639,
                19.822966669150308
              ],
              [
                72.66747121240688,
                19.820806245698186
              ],
              [
                72.67582759899625,
                19.81799830576938
              ],
              [
                72.67687850930105,
                19.825501466937432
              ],
              [
                72.67825069398238,
                19.82612509762295
              ],
              [
                72.68025928024528,
                19.824260806740124
              ],
              [
                72.68110567200767,
                19.822230391744775
              ],
              [
                72.67818865992213,
                19.82054874273769
              ],
              [
                72.67595794813724,
                19.815355522407906
              ],
              [
                72.68319966469787,
                19.805821759089504
              ],
              [
                72.6872971537966,
                19.79612533341383
              ],
              [
                72.68827793801705,
                19.797968631792845
              ],
              [
                72.69130217121828,
                19.795545204943604
              ],
              [
                72.68776742005119,
                19.786644822592624
              ],
              [
                72.68874385552736,
                19.771993491464126
              ],
              [
                72.68520456337653,
                19.75783283407462
              ],
              [
                72.686964633411,
                19.748353039934404
              ],
              [
                72.69130906399144,
                19.73864282808875
              ],
              [
                72.69430439479673,
                19.736386975893133
              ],
              [
                72.69992518407216,
                19.73717750091925
              ],
              [
                72.70408042406386,
                19.736020743765938
              ],
              [
                72.7042229831062,
                19.727106253221514
              ],
              [
                72.69465330404634,
                19.726981255772756
              ],
              [
                72.7079001522801,
                19.711112625016504
              ],
              [
                72.71121851905819,
                19.69624427621409
              ],
              [
                72.71260960159813,
                19.697372851525564
              ],
              [
                72.71354025623249,
                19.694969252364242
              ],
              [
                72.7113284171534,
                19.6872073394363
              ],
              [
                72.7127667097548,
                19.68556519559211
              ],
              [
                72.71521774054963,
                19.686259383794024
              ],
              [
                72.71545507544772,
                19.684117447050678
              ],
              [
                72.71091209113835,
                19.684246510023424
              ],
              [
                72.70986725074991,
                19.68742552905842
              ],
              [
                72.71193340824274,
                19.69087857387511
              ],
              [
                72.71039995710332,
                19.69173215532015
              ],
              [
                72.70736489111806,
                19.6854724081169
              ],
              [
                72.7068091339945,
                19.67992139024143
              ],
              [
                72.70857813507953,
                19.671802108364652
              ],
              [
                72.71067581265906,
                19.66950039966581
              ],
              [
                72.71407591624651,
                19.6692630809866
              ],
              [
                72.71160691645103,
                19.665667548184082
              ],
              [
                72.71152484187513,
                19.655288539567277
              ],
              [
                72.71358760553281,
                19.646012842794658
              ],
              [
                72.71893004822421,
                19.633660160572052
              ],
              [
                72.72052895959843,
                19.632257144346454
              ],
              [
                72.72178253342457,
                19.633721084778085
              ],
              [
                72.72379211771576,
                19.63289148914839
              ],
              [
                72.71975560805517,
                19.636273504550378
              ],
              [
                72.71600693567957,
                19.646227448060923
              ],
              [
                72.72247225361151,
                19.641061571302565
              ],
              [
                72.72602828317272,
                19.63379764633624
              ],
              [
                72.72947157236915,
                19.633292300796125
              ],
              [
                72.73382025018425,
                19.62918842049543
              ],
              [
                72.73543679458918,
                19.63027210563652
              ],
              [
                72.73155129172783,
                19.639173951701892
              ],
              [
                72.73188384894434,
                19.648523331834596
              ],
              [
                72.7357513333977,
                19.64662991676367
              ],
              [
                72.73838363074215,
                19.64774818681352
              ],
              [
                72.73877735783958,
                19.650070960123248
              ],
              [
                72.74190188524734,
                19.650539727714566
              ],
              [
                72.74789762054259,
                19.647252700658868
              ],
              [
                72.74771635668795,
                19.64037100816623
              ],
              [
                72.75255395337621,
                19.62826904212945
              ],
              [
                72.75176832455796,
                19.626787360412294
              ],
              [
                72.75382604507362,
                19.626546136307002
              ],
              [
                72.75026522659361,
                19.619263056097694
              ],
              [
                72.74310873230567,
                19.618813488935096
              ],
              [
                72.74003389161462,
                19.62090947911364
              ],
              [
                72.74057435492045,
                19.62408256131257
              ],
              [
                72.73906360780151,
                19.626432615919594
              ],
              [
                72.7324469965077,
                19.627531843409052
              ],
              [
                72.7284883420362,
                19.626037176142788
              ],
              [
                72.72553295122675,
                19.628714624720686
              ],
              [
                72.73107550891906,
                19.61026139475372
              ],
              [
                72.7294434218631,
                19.601625299139936
              ],
              [
                72.73385742965722,
                19.602009106270557
              ],
              [
                72.73943424190796,
                19.598798998257347
              ],
              [
                72.74413336419349,
                19.602674445900778
              ],
              [
                72.74296454551605,
                19.604091796762848
              ],
              [
                72.74486790941475,
                19.605334794424675
              ],
              [
                72.74393988055601,
                19.60987771224363
              ],
              [
                72.74757934204754,
                19.611741023613256
              ],
              [
                72.74528130512536,
                19.61389011145011
              ],
              [
                72.75004282978044,
                19.614329605806198
              ],
              [
                72.75076900090664,
                19.616728200944458
              ],
              [
                72.7560285506569,
                19.616274454183998
              ],
              [
                72.75731120744038,
                19.607583146284917
              ],
              [
                72.7585368238983,
                19.608418965344647
              ],
              [
                72.75934124996384,
                19.61197658769487
              ],
              [
                72.75735382890737,
                19.617346648225368
              ],
              [
                72.75966723780067,
                19.616979730970563
              ],
              [
                72.76144168896454,
                19.61842278079528
              ],
              [
                72.76659402837888,
                19.61564202553952
              ],
              [
                72.7624697865527,
                19.622207235539143
              ],
              [
                72.76594364272331,
                19.62424275713181
              ],
              [
                72.76799634075823,
                19.62175815807118
              ],
              [
                72.77122366238393,
                19.622522718032787
              ],
              [
                72.77129947300739,
                19.633760254376014
              ],
              [
                72.77250501750858,
                19.63566265343391
              ],
              [
                72.77393169489334,
                19.63180870923479
              ],
              [
                72.77295668594185,
                19.627383175030552
              ],
              [
                72.77602196586334,
                19.628139855420788
              ],
              [
                72.77878211952387,
                19.62702245738326
              ],
              [
                72.77414445278356,
                19.62110124301186
              ],
              [
                72.78003927493306,
                19.617362699286602
              ],
              [
                72.77542473352312,
                19.617763016584362
              ],
              [
                72.7736938955663,
                19.61422270499454
              ],
              [
                72.77634624420618,
                19.613237928314323
              ],
              [
                72.77233111355105,
                19.60826104955445
              ],
              [
                72.777622348678,
                19.606026021799355
              ],
              [
                72.77846319334348,
                19.608019583552505
              ],
              [
                72.78038027990648,
                19.608042010137556
              ],
              [
                72.78006761408534,
                19.60511809171623
              ],
              [
                72.78149191722281,
                19.607472386432093
              ],
              [
                72.7857764948525,
                19.607852348759444
              ],
              [
                72.78522022029931,
                19.603092846856907
              ],
              [
                72.78434234977277,
                19.603706925793286
              ],
              [
                72.78214583595242,
                19.601702872029218
              ],
              [
                72.78756477378352,
                19.600161304192312
              ],
              [
                72.78906432789404,
                19.59722678422171
              ],
              [
                72.78512197065841,
                19.594412482701618
              ],
              [
                72.78462562271781,
                19.596288431348498
              ],
              [
                72.77824965481732,
                19.601205385488782
              ],
              [
                72.77175746917352,
                19.599531452538383
              ],
              [
                72.76843123944177,
                19.596897680293875
              ],
              [
                72.76772215247563,
                19.586446303903458
              ],
              [
                72.76644198582211,
                19.590792384748283
              ],
              [
                72.76372394518211,
                19.593764778755126
              ],
              [
                72.76437732941413,
                19.596821540381164
              ],
              [
                72.75999186199488,
                19.60052212865212
              ],
              [
                72.75339621109163,
                19.59734035400302
              ],
              [
                72.74944602593658,
                19.597518831521047
              ],
              [
                72.74772789375113,
                19.591875465430856
              ],
              [
                72.74362773306277,
                19.59114684310294
              ],
              [
                72.7422729792912,
                19.58950767983724
              ],
              [
                72.73901999639108,
                19.591686782793694
              ],
              [
                72.73902010329061,
                19.59450844140981
              ],
              [
                72.74605723034192,
                19.596361657758507
              ],
              [
                72.74687438463677,
                19.598540353959304
              ],
              [
                72.74234809551693,
                19.597038294039272
              ],
              [
                72.73230743783844,
                19.596924905995138
              ],
              [
                72.72991606056834,
                19.59413801155407
              ],
              [
                72.72553985567801,
                19.59237667239433
              ],
              [
                72.72075964786168,
                19.593342567200466
              ],
              [
                72.71585242634904,
                19.592242797091583
              ],
              [
                72.71612257400946,
                19.588319482262285
              ],
              [
                72.71833877979914,
                19.586195710428346
              ],
              [
                72.71677013176854,
                19.585959506009868
              ],
              [
                72.71627385389657,
                19.572893935537532
              ],
              [
                72.72018777675855,
                19.566772886031966
              ],
              [
                72.71916561972937,
                19.571255503176758
              ],
              [
                72.72217470733491,
                19.56687411420589
              ],
              [
                72.72312862114859,
                19.568291611760014
              ],
              [
                72.72669352606482,
                19.56682516718837
              ],
              [
                72.72421496280484,
                19.565117926344296
              ],
              [
                72.72253470898164,
                19.565782718390683
              ],
              [
                72.72372743003214,
                19.56074807894308
              ],
              [
                72.7216445090778,
                19.565700592946406
              ],
              [
                72.72024824146202,
                19.5652323906081
              ],
              [
                72.72009142885109,
                19.5593826674307
              ],
              [
                72.72242289747486,
                19.55601302670811
              ],
              [
                72.72385336036025,
                19.54838812449497
              ],
              [
                72.72262191293784,
                19.54639061207409
              ],
              [
                72.72395582399818,
                19.545265781066572
              ],
              [
                72.72189917068107,
                19.541477975584076
              ],
              [
                72.7187314711391,
                19.53968728987554
              ],
              [
                72.72351670413111,
                19.54083807343062
              ],
              [
                72.73243313101132,
                19.52685190049229
              ],
              [
                72.73559946511406,
                19.528267069178234
              ],
              [
                72.7348816950324,
                19.529183051947193
              ],
              [
                72.73869038295378,
                19.529082568026244
              ],
              [
                72.74090567515681,
                19.526357995403902
              ],
              [
                72.7381867766257,
                19.528190431197086
              ],
              [
                72.73739822558785,
                19.522200336629172
              ],
              [
                72.746184704874,
                19.51422008819466
              ],
              [
                72.7591630673306,
                19.50825421609042
              ],
              [
                72.76780594193542,
                19.507549709987266
              ],
              [
                72.76749348991333,
                19.50170239429336
              ],
              [
                72.77277043733568,
                19.487553911150066
              ],
              [
                72.77289928359521,
                19.485989074214757
              ],
              [
                72.7688637252505,
                19.484170858556435
              ],
              [
                72.76276617759585,
                19.47439211605808
              ],
              [
                72.75052705226129,
                19.465080523392775
              ],
              [
                72.74782263008099,
                19.466330474557896
              ],
              [
                72.74426993147286,
                19.46191840359086
              ],
              [
                72.75769921316778,
                19.422164043422313
              ],
              [
                72.76073292179863,
                19.418385060411367
              ],
              [
                72.75957377438355,
                19.4174200324491
              ],
              [
                72.75954352451467,
                19.412015439559227
              ],
              [
                72.7623525141873,
                19.396884577104824
              ],
              [
                72.76677916037916,
                19.39548069672856
              ],
              [
                72.76913294315463,
                19.39651659673697
              ],
              [
                72.76863049475496,
                19.406386229138825
              ],
              [
                72.77456581205914,
                19.411603815947924
              ],
              [
                72.771229366686,
                19.415481518377316
              ],
              [
                72.771381082256,
                19.417776982180726
              ],
              [
                72.77168206189363,
                19.415300310885254
              ],
              [
                72.77489697598865,
                19.412944024065272
              ],
              [
                72.77434347812803,
                19.409917184022024
              ],
              [
                72.7696518675549,
                19.406335932163188
              ],
              [
                72.76972309946534,
                19.39512677728146
              ],
              [
                72.76095812135553,
                19.38867888666066
              ],
              [
                72.75806355008409,
                19.382060522561833
              ],
              [
                72.7577998658021,
                19.375633827571384
              ],
              [
                72.76014670549873,
                19.371658154350378
              ],
              [
                72.76954884067328,
                19.363490476285673
              ],
              [
                72.77145802385843,
                19.359271185662664
              ],
              [
                72.77519255585311,
                19.357260408314797
              ],
              [
                72.77471418769294,
                19.363052825183306
              ],
              [
                72.76802655649114,
                19.372534586283372
              ],
              [
                72.76878020887851,
                19.374739728720854
              ],
              [
                72.76844422279258,
                19.372200518621348
              ],
              [
                72.77475699511118,
                19.363863076413143
              ],
              [
                72.77920994217793,
                19.351520323636564
              ],
              [
                72.79999732256847,
                19.32992005478903
              ],
              [
                72.7946029500671,
                19.3074445845621
              ],
              [
                72.79298856161888,
                19.31014184213917
              ],
              [
                72.78939095622967,
                19.309162467118718
              ],
              [
                72.78404131982946,
                19.301827804370415
              ],
              [
                72.78411813926098,
                19.280942032504793
              ],
              [
                72.78318382129692,
                19.27894567794439
              ],
              [
                72.78006907654262,
                19.27936378723135
              ],
              [
                72.77963820590479,
                19.276795999760733
              ],
              [
                72.7810354859219,
                19.27466293716851
              ],
              [
                72.78050710585492,
                19.271603685454686
              ],
              [
                72.78543282996752,
                19.26477972050642
              ],
              [
                72.78231064806097,
                19.257559702906338
              ],
              [
                72.78313665165966,
                19.250721157479873
              ],
              [
                72.77913719031802,
                19.23764484689007
              ],
              [
                72.77992963555262,
                19.230398382050616
              ],
              [
                72.77585202257791,
                19.22541479238508
              ],
              [
                72.77680410472674,
                19.220523642261565
              ],
              [
                72.78187166743275,
                19.215709360714026
              ],
              [
                72.7800054165317,
                19.206739086758365
              ],
              [
                72.78309510278115,
                19.207133884355976
              ],
              [
                72.78626795056802,
                19.203749740403975
              ],
              [
                72.78574368927663,
                19.201133849808045
              ],
              [
                72.78270175028118,
                19.199908207552102
              ],
              [
                72.78244127927294,
                19.19289789745113
              ],
              [
                72.79660205910375,
                19.194528765737108
              ],
              [
                72.79513841065514,
                19.17229319672644
              ],
              [
                72.79037050347,
                19.17123411428309
              ],
              [
                72.78688301626329,
                19.166481062514762
              ],
              [
                72.7828160456297,
                19.167196268635397
              ],
              [
                72.78162425253892,
                19.16606740235575
              ],
              [
                72.78433269917164,
                19.16237514499859
              ],
              [
                72.78165700780912,
                19.158325795631956
              ],
              [
                72.7892465197084,
                19.15037617323898
              ],
              [
                72.78822357036515,
                19.135846923705156
              ],
              [
                72.78616125856004,
                19.13267434059791
              ],
              [
                72.78782533103,
                19.1310804544903
              ],
              [
                72.78655326358708,
                19.129724707831677
              ],
              [
                72.79331001206518,
                19.13021741178257
              ],
              [
                72.79492148009044,
                19.131483892356602
              ],
              [
                72.796771449027,
                19.133992620653416
              ],
              [
                72.79425122370077,
                19.14075989240907
              ],
              [
                72.79798754873276,
                19.140706002952214
              ],
              [
                72.79807311326354,
                19.139048890172543
              ],
              [
                72.80083257522132,
                19.142383307867515
              ],
              [
                72.80931061076814,
                19.13525633018964
              ],
              [
                72.81958550595361,
                19.120792604954612
              ],
              [
                72.82321487487292,
                19.110982106146583
              ],
              [
                72.82708430148395,
                19.091972538361723
              ],
              [
                72.82451260628518,
                19.08022522291206
              ],
              [
                72.82176502903864,
                19.082098560537506
              ],
              [
                72.82354762702383,
                19.07937614946702
              ],
              [
                72.82125639394164,
                19.077004112200843
              ],
              [
                72.82305800656646,
                19.065480376659323
              ],
              [
                72.82054335528655,
                19.058898235085042
              ],
              [
                72.82389939291603,
                19.054966797656185
              ],
              [
                72.82228995508336,
                19.05413529765133
              ],
              [
                72.81732041833773,
                19.043333688269232
              ],
              [
                72.81829965835425,
                19.041585731219907
              ],
              [
                72.82180305741957,
                19.043086549086787
              ],
              [
                72.82242102467319,
                19.040498303595747
              ],
              [
                72.82350484475843,
                19.042300193613933
              ],
              [
                72.82964648891372,
                19.045005239651697
              ],
              [
                72.83324020639436,
                19.049291882967708
              ],
              [
                72.83815066902856,
                19.048505557744335
              ],
              [
                72.83625873888678,
                19.047180028725695
              ],
              [
                72.83843588502961,
                19.042992186864492
              ],
              [
                72.83825524819899,
                19.034148842737096
              ],
              [
                72.83214687943848,
                19.023183879851654
              ],
              [
                72.8224875754627,
                19.01758877404722
              ],
              [
                72.81954034674597,
                19.018793198727376
              ],
              [
                72.8187766565836,
                19.022053977399327
              ],
              [
                72.81520982208612,
                19.02623526802062
              ],
              [
                72.81661213266881,
                19.013031657649922
              ],
              [
                72.81130712097867,
                19.001512470601803
              ],
              [
                72.81218178272306,
                18.99401086179333
              ],
              [
                72.80941518993856,
                18.994770477277772
              ],
              [
                72.81252404084628,
                18.993750164952925
              ],
              [
                72.81106944112754,
                18.987075281505017
              ],
              [
                72.81296612515379,
                18.987542757268
              ],
              [
                72.81471069475809,
                18.98327699642505
              ],
              [
                72.81120254180824,
                18.978498675356313
              ],
              [
                72.80930110389748,
                18.979172953203253
              ],
              [
                72.80581196558728,
                18.97776595771554
              ],
              [
                72.80608292083316,
                18.975410449782117
              ],
              [
                72.80239413105275,
                18.97214235259006
              ],
              [
                72.80148144092743,
                18.969175386006782
              ],
              [
                72.80285522999988,
                18.968555013135223
              ],
              [
                72.80303111294599,
                18.96553853212744
              ],
              [
                72.79164625400558,
                18.94892667675898
              ],
              [
                72.79344311274588,
                18.943495432920916
              ],
              [
                72.79258271175665,
                18.93957026024274
              ],
              [
                72.7943558028712,
                18.939772590592906
              ],
              [
                72.79792099884155,
                18.947060830649786
              ],
              [
                72.80835068183534,
                18.955277815862303
              ],
              [
                72.81704976043422,
                18.95152826088943
              ],
              [
                72.82341957667168,
                18.941430120021472
              ],
              [
                72.8227445663975,
                18.93214972247015
              ],
              [
                72.81792442128028,
                18.925422910693065
              ],
              [
                72.82486466951977,
                18.92241914017869
              ],
              [
                72.82556820130422,
                18.91992794811391
              ],
              [
                72.8231914045895,
                18.918120236009234
              ],
              [
                72.82066249165617,
                18.919936941353193
              ],
              [
                72.81853288166324,
                18.91767954747949
              ],
              [
                72.81682158745375,
                18.91856092422708
              ],
              [
                72.81541452388488,
                18.913209638000325
              ],
              [
                72.81211552927589,
                18.911743625334648
              ],
              [
                72.80848806119171,
                18.914673389220784
              ],
              [
                72.81440153236652,
                18.92149056780291
              ],
              [
                72.80547784709881,
                18.911305167786946
              ],
              [
                72.80358829389928,
                18.902985507397098
              ],
              [
                72.80506190825766,
                18.898488220356278
              ],
              [
                72.8090133330878,
                18.89413135919141
              ],
              [
                72.80840130818979,
                18.892590971108692
              ],
              [
                72.8106129325715,
                18.894294276335117
              ],
              [
                72.868382638974,
                18.79963494309449
              ],
              [
                72.86494039900983,
                18.7954035092594
              ],
              [
                72.86392998924958,
                18.787866018648533
              ],
              [
                72.86385999252266,
                18.771333771749347
              ],
              [
                72.86518693085975,
                18.77040205995412
              ],
              [
                72.86616349569334,
                18.77816944907141
              ],
              [
                72.86638427014913,
                18.766803695818975
              ],
              [
                72.86491973057176,
                18.76647977019775
              ],
              [
                72.86480235759504,
                18.764342626655374
              ],
              [
                72.86769506755721,
                18.756758404246053
              ],
              [
                72.8628899925772,
                18.742801692441102
              ],
              [
                72.86501852998163,
                18.72293551531849
              ],
              [
                72.85800113532385,
                18.6998603437078
              ],
              [
                72.85638234153747,
                18.70053586724286
              ],
              [
                72.85566875401173,
                18.699327403173132
              ],
              [
                72.86067833226286,
                18.688612359963745
              ],
              [
                72.86302356667002,
                18.67270897384899
              ],
              [
                72.86412810370236,
                18.669629511381647
              ],
              [
                72.86592935071285,
                18.669951318808057
              ],
              [
                72.86364764156927,
                18.660718319124975
              ],
              [
                72.86551360590776,
                18.651928367700364
              ],
              [
                72.87127526988438,
                18.640364046881515
              ],
              [
                72.88360573501875,
                18.63803615230369
              ],
              [
                72.88880554320934,
                18.621082812487593
              ],
              [
                72.90685468074746,
                18.586124000172035
              ],
              [
                72.90882603633341,
                18.585111350772024
              ],
              [
                72.91011838414217,
                18.577828787922602
              ],
              [
                72.92197088715487,
                18.555772916445537
              ],
              [
                72.92394270357656,
                18.550096261348255
              ],
              [
                72.92371876705096,
                18.545712748691663
              ],
              [
                72.92541358615816,
                18.543915422596257
              ],
              [
                72.92812583535951,
                18.544120206853847
              ],
              [
                72.92910025771111,
                18.54235781195075
              ],
              [
                72.93077949014986,
                18.543391786508924
              ],
              [
                72.93371729553927,
                18.540489636637425
              ],
              [
                72.93386162156774,
                18.538353322558923
              ],
              [
                72.92255542719846,
                18.532653914508412
              ],
              [
                72.91384478548522,
                18.53068810794944
              ],
              [
                72.91097060686904,
                18.53108203678315
              ],
              [
                72.91097032030648,
                18.535514873884065
              ],
              [
                72.9074210272116,
                18.541444449676938
              ],
              [
                72.90580956008465,
                18.54044425337201
              ],
              [
                72.90488312843047,
                18.53776161645603
              ],
              [
                72.91171753087495,
                18.519696777547644
              ],
              [
                72.9114986680341,
                18.507526049337205
              ],
              [
                72.90972555356338,
                18.502658921978956
              ],
              [
                72.9053952444992,
                18.502317193220982
              ],
              [
                72.90389276188084,
                18.493869375178026
              ],
              [
                72.90128029125304,
                18.48863677216248
              ],
              [
                72.90260381509376,
                18.482255752080086
              ],
              [
                72.90172149521159,
                18.47558930908181
              ],
              [
                72.89858194168407,
                18.472082062542388
              ],
              [
                72.89601406612194,
                18.472450843078537
              ],
              [
                72.89498201055662,
                18.46332919902329
              ],
              [
                72.89504384159763,
                18.45746452033902
              ],
              [
                72.89702222290742,
                18.458612661533255
              ],
              [
                72.89949912158917,
                18.45572797778871
              ],
              [
                72.90633458494403,
                18.439038800990964
              ],
              [
                72.90734296181678,
                18.432537729984478
              ],
              [
                72.90449460796839,
                18.42872478770297
              ],
              [
                72.90895820456282,
                18.421177928208824
              ],
              [
                72.90624745644632,
                18.411479092664592
              ],
              [
                72.9087777653616,
                18.40492747119787
              ],
              [
                72.90639143213185,
                18.4033810125303
              ],
              [
                72.90995134061846,
                18.403074524465545
              ],
              [
                72.90833676082907,
                18.400295977334757
              ],
              [
                72.91252718423719,
                18.397641202707398
              ],
              [
                72.91266948546303,
                18.39407963468111
              ],
              [
                72.92208014834456,
                18.393960134003393
              ],
              [
                72.92616304700644,
                18.386816019137278
              ],
              [
                72.92670919485143,
                18.38163441259874
              ],
              [
                72.9247757751199,
                18.37577402245699
              ],
              [
                72.92641845151644,
                18.373345730545164
              ],
              [
                72.91899733241038,
                18.371499698438434
              ],
              [
                72.91705933666086,
                18.37235089289226
              ],
              [
                72.91196370519545,
                18.36830333065065
              ],
              [
                72.91211784711503,
                18.36202368327651
              ],
              [
                72.91495746215232,
                18.358974442477002
              ],
              [
                72.91439660888616,
                18.35481606364561
              ],
              [
                72.91631469168081,
                18.353366399459876
              ],
              [
                72.91764555924897,
                18.3489295671907
              ],
              [
                72.9203448583372,
                18.347487833545653
              ],
              [
                72.92211140252991,
                18.347655292943113
              ],
              [
                72.92136271872435,
                18.350439474872687
              ],
              [
                72.92395914813616,
                18.34998608061958
              ],
              [
                72.92416405654743,
                18.353541215527677
              ],
              [
                72.92704988271952,
                18.349872079602612
              ],
              [
                72.93364146874612,
                18.35140935699729
              ],
              [
                72.93648676742423,
                18.34894251882565
              ],
              [
                72.93519978884589,
                18.34416301736517
              ],
              [
                72.94145281960485,
                18.344367347507184
              ],
              [
                72.94545319273651,
                18.342069046030506
              ],
              [
                72.94610735401125,
                18.33925143253697
              ],
              [
                72.94913040323291,
                18.33856654887899
              ],
              [
                72.95318320024795,
                18.334984833842398
              ],
              [
                72.9567069245949,
                18.324929129986817
              ],
              [
                72.96127406550058,
                18.319716866047752
              ],
              [
                72.95879428861666,
                18.319448653461688
              ],
              [
                72.9556610574321,
                18.315917314278412
              ],
              [
                72.95958455992826,
                18.31195667101898
              ],
              [
                72.96396774293174,
                18.313781992454388
              ],
              [
                72.96700869647533,
                18.31115681015493
              ],
              [
                72.96878181813261,
                18.308714567635665
              ],
              [
                72.96796836220179,
                18.30566346887847
              ],
              [
                72.97013731570922,
                18.300049074264077
              ],
              [
                72.97178013763283,
                18.301995527812764
              ],
              [
                72.97750511710818,
                18.298984569591095
              ],
              [
                72.97986139720014,
                18.300782824311398
              ],
              [
                72.98173423544718,
                18.29959047410889
              ],
              [
                72.98442375996679,
                18.29333939428277
              ],
              [
                72.9865173529067,
                18.292223690155257
              ],
              [
                72.98718583692033,
                18.288297585732977
              ],
              [
                72.99043639796244,
                18.286870192458604
              ],
              [
                72.99285086013872,
                18.273698650440505
              ],
              [
                72.9940915422422,
                18.273913507173575
              ],
              [
                72.9928109884148,
                18.276805197179616
              ],
              [
                72.99425141720997,
                18.275277362683877
              ],
              [
                72.9959566882155,
                18.276704719158936
              ],
              [
                72.99611025611163,
                18.283564946387713
              ],
              [
                72.99783154677361,
                18.285167846535398
              ],
              [
                73.00969656870812,
                18.286933262836463
              ],
              [
                73.01582307625085,
                18.28546381618535
              ],
              [
                73.01867644898672,
                18.283982881327645
              ],
              [
                73.023222259396,
                18.27829364334315
              ],
              [
                73.02353318068884,
                18.27313408640709
              ],
              [
                73.02052059145035,
                18.27061439741572
              ],
              [
                73.02380464887275,
                18.268078975044347
              ],
              [
                73.02571961810663,
                18.268601113482404
              ],
              [
                73.02867455167357,
                18.264258534278635
              ],
              [
                73.0318702400249,
                18.267493191191953
              ],
              [
                73.03640624622113,
                18.26460194913013
              ],
              [
                73.0408015268365,
                18.26475691037131
              ],
              [
                73.04376340617725,
                18.26677807668795
              ],
              [
                73.05067492090407,
                18.267869018635206
              ],
              [
                73.05313866286018,
                18.270441985022984
              ],
              [
                73.05034041344507,
                18.275890219284285
              ],
              [
                73.04430465101738,
                18.281117481145326
              ],
              [
                73.0448353900603,
                18.284393080617225
              ],
              [
                73.04241131141893,
                18.290297062400878
              ],
              [
                73.03693573211422,
                18.292789214696096
              ],
              [
                73.03931546452326,
                18.303153530973738
              ],
              [
                73.0448252992847,
                18.313054791700523
              ],
              [
                73.04880421256254,
                18.313869789792502
              ],
              [
                73.05416704431597,
                18.307444553832532
              ],
              [
                73.05880126961043,
                18.305745920373163
              ],
              [
                73.06423908194397,
                18.30539603193977
              ],
              [
                73.07146620986438,
                18.308011937354937
              ],
              [
                73.07680623698599,
                18.31226810179199
              ],
              [
                73.08297628587057,
                18.325930306422556
              ],
              [
                73.08261473283332,
                18.328243412901497
              ],
              [
                73.08808250218499,
                18.335849268340883
              ],
              [
                73.09175851522711,
                18.334026045459765
              ],
              [
                73.09204999518062,
                18.32835950290964
              ],
              [
                73.0959767900023,
                18.331005427842157
              ],
              [
                73.09344871789206,
                18.336704463748738
              ],
              [
                73.09681746578453,
                18.33601453732925
              ],
              [
                73.09858265172457,
                18.33271576087097
              ],
              [
                73.10521732634207,
                18.330086691688905
              ],
              [
                73.11300012245285,
                18.329513587887252
              ],
              [
                73.1126840538134,
                18.3236553917346
              ],
              [
                73.10900632409077,
                18.325840754261982
              ],
              [
                73.1016352860618,
                18.32590099379645
              ],
              [
                73.09730855947899,
                18.32738646929812
              ],
              [
                73.09658766146349,
                18.326105919426475
              ],
              [
                73.09160424215348,
                18.32597688563686
              ],
              [
                73.08275286048635,
                18.311827745221585
              ],
              [
                73.08267724300069,
                18.307186613548843
              ],
              [
                73.08545962637123,
                18.302419929985998
              ],
              [
                73.08467234914443,
                18.30114682525091
              ],
              [
                73.08964677631846,
                18.294161857718752
              ],
              [
                73.09036385739232,
                18.288114868613484
              ],
              [
                73.0932221915235,
                18.286854487125776
              ],
              [
                73.09432218128386,
                18.282972596647088
              ],
              [
                73.09319646916367,
                18.279151354445233
              ],
              [
                73.09540291924934,
                18.273392114899075
              ],
              [
                73.09943491487566,
                18.271666315051352
              ],
              [
                73.09969537510408,
                18.268785708219085
              ],
              [
                73.10270726635159,
                18.265415649785396
              ],
              [
                73.09908657605624,
                18.268249340783424
              ],
              [
                73.09823262317411,
                18.271923237650924
              ],
              [
                73.09459854798102,
                18.271797669423318
              ],
              [
                73.09138902018445,
                18.27799922243144
              ],
              [
                73.09021139891557,
                18.28481068858423
              ],
              [
                73.08517385880462,
                18.28814875855103
              ],
              [
                73.08240066699607,
                18.292509303542424
              ],
              [
                73.07894104013955,
                18.29222855948514
              ],
              [
                73.07230561453049,
                18.297349546636813
              ],
              [
                73.07007509498509,
                18.29630240324968
              ],
              [
                73.06733828674216,
                18.298929577895954
              ],
              [
                73.05780950258729,
                18.30012229853371
              ],
              [
                73.05354605602805,
                18.30241306351739
              ],
              [
                73.05040150427428,
                18.296964112060916
              ],
              [
                73.0514170254485,
                18.295111264047616
              ],
              [
                73.05524702589997,
                18.293585587516638
              ],
              [
                73.05130141586467,
                18.293001330381507
              ],
              [
                73.0514643828336,
                18.288549324265876
              ],
              [
                73.0537521106896,
                18.287613338045404
              ],
              [
                73.0517170879062,
                18.28141306022184
              ],
              [
                73.06788674235912,
                18.279153778631432
              ],
              [
                73.072755064125,
                18.26345109480211
              ],
              [
                73.07167241813785,
                18.259843683498097
              ],
              [
                73.06606898072042,
                18.261791466969985
              ],
              [
                73.06124138228128,
                18.25581142528419
              ],
              [
                73.0615185628521,
                18.252167079058566
              ],
              [
                73.06935432003876,
                18.241760282584853
              ],
              [
                73.07191151912379,
                18.24277897785846
              ],
              [
                73.07490053207766,
                18.241584435691465
              ],
              [
                73.07450018978643,
                18.240192428614368
              ],
              [
                73.07810585755531,
                18.23732871429246
              ],
              [
                73.07848751399028,
                18.232338018828344
              ],
              [
                73.08080014494257,
                18.230664872280876
              ],
              [
                73.08072744877819,
                18.226543572609398
              ],
              [
                73.07903808873299,
                18.224547556440015
              ],
              [
                73.08002116006415,
                18.222390798216857
              ],
              [
                73.08434358192014,
                18.221484780626895
              ],
              [
                73.08729785432702,
                18.225174199647576
              ],
              [
                73.08833038510112,
                18.224227305127222
              ],
              [
                73.08685383774332,
                18.221394494488905
              ],
              [
                73.0892419460441,
                18.220336753551383
              ],
              [
                73.0901602425551,
                18.218120912857813
              ],
              [
                73.09099975052742,
                18.22026745312048
              ],
              [
                73.09210633841356,
                18.21898167114513
              ],
              [
                73.09214408921505,
                18.216978951829557
              ],
              [
                73.09006618085998,
                18.21720114019133
              ],
              [
                73.08957207331775,
                18.21531895883529
              ],
              [
                73.08064093832138,
                18.214931933384552
              ],
              [
                73.08206111010688,
                18.21069449185461
              ],
              [
                73.08056154431826,
                18.208701994001533
              ],
              [
                73.0775310130286,
                18.208994879412305
              ],
              [
                73.07740170234008,
                18.188780169294997
              ],
              [
                73.0795833688054,
                18.186335652314003
              ],
              [
                73.07840472076214,
                18.18411002022907
              ],
              [
                73.08322280514412,
                18.179188829400033
              ],
              [
                73.08103965735688,
                18.176658946092815
              ],
              [
                73.08193628470659,
                18.171488676847957
              ],
              [
                73.08636228680636,
                18.170064298830134
              ],
              [
                73.08743302292952,
                18.17306639277156
              ],
              [
                73.09156284688687,
                18.16887729731721
              ],
              [
                73.09445108593388,
                18.169249609531825
              ],
              [
                73.09675663456845,
                18.162746532774214
              ],
              [
                73.09621456417653,
                18.160211734475922
              ],
              [
                73.09702655405681,
                18.159630483714828
              ],
              [
                73.09791704770973,
                18.161565161120368
              ],
              [
                73.10103681494479,
                18.157891219049326
              ],
              [
                73.10269929200683,
                18.151188558764623
              ],
              [
                73.10171362634111,
                18.148568448736512
              ],
              [
                73.10564847006773,
                18.140861971068187
              ],
              [
                73.10342095448863,
                18.13991438232016
              ],
              [
                73.09551969215144,
                18.140899215551492
              ],
              [
                73.09239073515104,
                18.14609373977749
              ],
              [
                73.09087820218129,
                18.144015770193658
              ],
              [
                73.08911574442477,
                18.144823015589353
              ],
              [
                73.08746341473221,
                18.14356899237147
              ],
              [
                73.08742159815573,
                18.147245319272564
              ],
              [
                73.08495814815208,
                18.1465414962435
              ],
              [
                73.08473054650011,
                18.148797724827716
              ],
              [
                73.08177287307156,
                18.149388944369978
              ],
              [
                73.08009155025319,
                18.14781157027905
              ],
              [
                73.08051998376165,
                18.15123971664574
              ],
              [
                73.07828702439191,
                18.153198707109304
              ],
              [
                73.07746287042441,
                18.151282867625163
              ],
              [
                73.07182797670065,
                18.150172905569395
              ],
              [
                73.06932609497255,
                18.157229684460354
              ],
              [
                73.064028401857,
                18.16170773330286
              ],
              [
                73.06206324823977,
                18.167583435674874
              ],
              [
                73.06102045690851,
                18.166971226093924
              ],
              [
                73.06198333231549,
                18.16931016540408
              ],
              [
                73.05857939022681,
                18.172937456954514
              ],
              [
                73.05400982386986,
                18.1829426447836
              ],
              [
                73.05062897656886,
                18.18240523687543
              ],
              [
                73.05000546760824,
                18.1839037432724
              ],
              [
                73.05301273253207,
                18.18574129600223
              ],
              [
                73.05360210641018,
                18.188475638984226
              ],
              [
                73.05142351308147,
                18.197961487360406
              ],
              [
                73.05320394253356,
                18.199661304726217
              ],
              [
                73.05218177921616,
                18.20097486657466
              ],
              [
                73.05558352941554,
                18.20411332020798
              ],
              [
                73.06129055156836,
                18.203212929285808
              ],
              [
                73.06699298153347,
                18.206540193349184
              ],
              [
                73.06954354206853,
                18.209150103548094
              ],
              [
                73.06776328868624,
                18.21248940026462
              ],
              [
                73.04891886903383,
                18.222755927718108
              ],
              [
                73.046745406882,
                18.219573676783476
              ],
              [
                73.04759713643381,
                18.223277297880273
              ],
              [
                73.04397408177263,
                18.226000206141336
              ],
              [
                73.03795819007901,
                18.226433350470806
              ],
              [
                73.03455507444039,
                18.229061498911665
              ],
              [
                73.03479539354183,
                18.23151302704151
              ],
              [
                73.0278166524924,
                18.234051875440322
              ],
              [
                73.02239197712159,
                18.240796528342372
              ],
              [
                73.02068241396562,
                18.241037941554897
              ],
              [
                73.01964489394844,
                18.23828965176531
              ],
              [
                73.01797634068184,
                18.237953581191594
              ],
              [
                73.01503454767088,
                18.240897769402036
              ],
              [
                73.01663963855593,
                18.24238187104744
              ],
              [
                73.01650132225669,
                18.244595638384613
              ],
              [
                73.0163091842955,
                18.242524782372627
              ],
              [
                73.01377094056133,
                18.24236068265271
              ],
              [
                73.00917451906896,
                18.24540360744241
              ],
              [
                73.00362094174305,
                18.24464171902805
              ],
              [
                73.00086487541708,
                18.247910558026007
              ],
              [
                72.99751025802405,
                18.244302632025676
              ],
              [
                72.99211585857323,
                18.245094692843125
              ],
              [
                72.99038655044734,
                18.242974504325467
              ],
              [
                72.97924900758609,
                18.239562626433763
              ],
              [
                72.97463763902573,
                18.240238937013643
              ],
              [
                72.97134552281689,
                18.244034819799033
              ],
              [
                72.96938166816356,
                18.243335545777285
              ],
              [
                72.96908034357287,
                18.246282372056342
              ],
              [
                72.97251662052018,
                18.244547641540564
              ],
              [
                72.97346706953182,
                18.246538768282967
              ],
              [
                72.96822671408422,
                18.255803625384317
              ],
              [
                72.97018140232841,
                18.260936635359048
              ],
              [
                72.97442096178592,
                18.262980181965663
              ],
              [
                72.97025758575272,
                18.264777255773737
              ],
              [
                72.96898258890367,
                18.268903698544865
              ],
              [
                72.97091161587342,
                18.269232178658
              ],
              [
                72.97081126058144,
                18.271459859526598
              ],
              [
                72.96958241737507,
                18.27437980286207
              ],
              [
                72.96698668056437,
                18.27568838267871
              ],
              [
                72.96664860769202,
                18.278607842857586
              ],
              [
                72.96400044969292,
                18.280372577876445
              ],
              [
                72.95420248985475,
                18.27791842448327
              ],
              [
                72.95066380855829,
                18.280550486381166
              ],
              [
                72.95069105086759,
                18.284020732375676
              ],
              [
                72.94168431994514,
                18.285398797123136
              ],
              [
                72.93782743561212,
                18.283809652287676
              ],
              [
                72.93558497027006,
                18.280995526811772
              ],
              [
                72.93767880126352,
                18.275814735411895
              ],
              [
                72.93520486432726,
                18.27254879816056
              ],
              [
                72.93949047681615,
                18.26463400532258
              ],
              [
                72.94311915493103,
                18.24574872065559
              ],
              [
                72.94069823835945,
                18.239901077679043
              ],
              [
                72.94207941338013,
                18.232941452180945
              ],
              [
                72.93828888669884,
                18.230978604215707
              ],
              [
                72.93780085895443,
                18.228662010115627
              ],
              [
                72.93526804823107,
                18.22697748862368
              ],
              [
                72.93201925058186,
                18.219213804492494
              ],
              [
                72.93316528439044,
                18.21725972878917
              ],
              [
                72.93856299233644,
                18.21566047621238
              ],
              [
                72.93820459328415,
                18.217733129090284
              ],
              [
                72.94275173409832,
                18.219304968933294
              ],
              [
                72.94279781497747,
                18.221064891494624
              ],
              [
                72.94545122362939,
                18.223046090621555
              ],
              [
                72.95175668725486,
                18.219333956553264
              ],
              [
                72.9519023050607,
                18.217884420317468
              ],
              [
                72.95467211740717,
                18.21894008135077
              ],
              [
                72.95724553198137,
                18.218092187847883
              ],
              [
                72.96302946788883,
                18.21145707336183
              ],
              [
                72.96550353508083,
                18.21042151221726
              ],
              [
                72.96842344153822,
                18.204858773914534
              ],
              [
                72.97677180347715,
                18.20072563893988
              ],
              [
                72.98062822158451,
                18.19559226880398
              ],
              [
                72.98360296659675,
                18.194788100808495
              ],
              [
                72.9839859785895,
                18.191978580623893
              ],
              [
                72.97907872383917,
                18.19350835037356
              ],
              [
                72.97842120466188,
                18.191793748189895
              ],
              [
                72.98605220165932,
                18.169667975343334
              ],
              [
                72.98730805990125,
                18.16164709711998
              ],
              [
                72.98987400947544,
                18.15699981082586
              ],
              [
                72.98607567643434,
                18.15548110368912
              ],
              [
                72.98680677392159,
                18.148693662810892
              ],
              [
                72.98195822766833,
                18.140486203333335
              ],
              [
                72.98104250752557,
                18.135891041444044
              ],
              [
                72.97859247925061,
                18.133313443554954
              ],
              [
                72.97137311636749,
                18.131621297887826
              ],
              [
                72.9726245018976,
                18.123979651476425
              ],
              [
                72.97535651493352,
                18.122546643311097
              ],
              [
                72.97735272241182,
                18.11417918581078
              ],
              [
                72.97956709294336,
                18.113496314288113
              ],
              [
                72.97950380124169,
                18.107796218683788
              ],
              [
                72.98391798151238,
                18.10318589160883
              ],
              [
                72.9878218737859,
                18.102658134635163
              ],
              [
                72.99022185781472,
                18.099145919537172
              ],
              [
                72.99940778556835,
                18.07463051810319
              ],
              [
                72.99932464469218,
                18.06910758996964
              ],
              [
                72.99450885820072,
                18.06702632706774
              ],
              [
                72.98980339830086,
                18.05630763041787
              ],
              [
                72.9910491720554,
                18.05361935804866
              ],
              [
                72.99634959515107,
                18.04972249104671
              ],
              [
                73.00195684861184,
                18.054407720914416
              ],
              [
                73.00868266450145,
                18.05009937064901
              ],
              [
                73.0155282006656,
                18.033204033650723
              ],
              [
                73.01727717021811,
                18.032980255152097
              ],
              [
                73.01946254223398,
                18.02957896769237
              ],
              [
                73.01776468502449,
                18.025387157844417
              ],
              [
                73.00274415997463,
                18.020908784305856
              ],
              [
                73.00562156533927,
                18.019238829804085
              ],
              [
                73.00871583748825,
                18.01112344176861
              ],
              [
                73.01303073056381,
                18.01050789829908
              ],
              [
                73.01683498889254,
                18.00707946584623
              ],
              [
                73.01738060762982,
                18.00071858046272
              ],
              [
                73.02147691274898,
                17.994038569503683
              ],
              [
                73.01874192000129,
                17.990491932610265
              ],
              [
                73.02674654069841,
                17.98841280734829
              ],
              [
                73.0293492295711,
                17.990526598815745
              ],
              [
                73.03136992871728,
                17.98970858083706
              ],
              [
                73.03410247894573,
                17.985874709794892
              ],
              [
                73.03270876164704,
                17.983566156471895
              ],
              [
                73.03447598406784,
                17.98026576344208
              ],
              [
                73.03678697828968,
                17.982778302713278
              ],
              [
                73.038696566615,
                17.9820050861954
              ],
              [
                73.04045327964526,
                17.97806690690028
              ],
              [
                73.03745429269678,
                17.973690766655707
              ],
              [
                73.03073752733366,
                17.96916582942815
              ],
              [
                73.03079999887348,
                17.96367236691407
              ],
              [
                73.03595800306401,
                17.95656482637054
              ],
              [
                73.03189802940821,
                17.95701850763713
              ],
              [
                73.02900190674627,
                17.954187877308993
              ],
              [
                73.03012384055239,
                17.944042669658238
              ],
              [
                73.03937912902575,
                17.933846272751122
              ],
              [
                73.04243032965181,
                17.93302564118731
              ],
              [
                73.0447910573027,
                17.93422092485852
              ],
              [
                73.05091785410298,
                17.931868068958583
              ],
              [
                73.05560727188849,
                17.931998605605376
              ],
              [
                73.05759499208396,
                17.927038214605798
              ],
              [
                73.05584722807056,
                17.924792342503956
              ],
              [
                73.0556636896816,
                17.92739357516283
              ],
              [
                73.05334761279187,
                17.927855188463408
              ],
              [
                73.05546968771621,
                17.916232072897046
              ],
              [
                73.0527713785714,
                17.904654322196077
              ],
              [
                73.06358120703382,
                17.891412955727528
              ],
              [
                73.06827686451733,
                17.891373679430362
              ],
              [
                73.0717434084015,
                17.89347468753397
              ],
              [
                73.07163078212275,
                17.887650016342835
              ],
              [
                73.07519696174836,
                17.87438687688434
              ],
              [
                73.08036575829873,
                17.868821199331457
              ],
              [
                73.0817920547978,
                17.85998465777588
              ],
              [
                73.08677975817345,
                17.849553419063
              ],
              [
                73.09382715117181,
                17.841305972220713
              ],
              [
                73.08968080090814,
                17.841328783245373
              ],
              [
                73.08816808917368,
                17.838292222450832
              ],
              [
                73.09421094290221,
                17.82440327285657
              ],
              [
                73.09357875082608,
                17.819465918849836
              ],
              [
                73.08940995435842,
                17.815688850130496
              ],
              [
                73.09062421700945,
                17.8143200266843
              ],
              [
                73.08897814498113,
                17.808267759257667
              ],
              [
                73.09061291979641,
                17.812008147647532
              ],
              [
                73.09565590459628,
                17.811311034928284
              ],
              [
                73.10322585657862,
                17.802367983420595
              ],
              [
                73.10376610069552,
                17.79870221790089
              ],
              [
                73.10800058467169,
                17.791349487710647
              ],
              [
                73.112604191788,
                17.789109408024213
              ],
              [
                73.11483053686229,
                17.78320944971732
              ],
              [
                73.11173056041126,
                17.78557386301101
              ],
              [
                73.1115529985139,
                17.78815761396166
              ],
              [
                73.10966045572107,
                17.789011537183544
              ],
              [
                73.10943472436152,
                17.788093635761
              ],
              [
                73.1134639010745,
                17.775942342125546
              ],
              [
                73.11933937710604,
                17.765967196108864
              ],
              [
                73.12005928338145,
                17.75918342510429
              ],
              [
                73.1241977338605,
                17.75252957579864
              ],
              [
                73.12669537913375,
                17.75204258830053
              ],
              [
                73.1243019240604,
                17.75023758590304
              ],
              [
                73.1253275665529,
                17.742587831901904
              ],
              [
                73.12804393902142,
                17.74019331500728
              ],
              [
                73.12891192358828,
                17.731277776626953
              ],
              [
                73.13178430018401,
                17.72889153673043
              ],
              [
                73.13420724425316,
                17.718043876229814
              ],
              [
                73.14057291207061,
                17.721427406990074
              ],
              [
                73.14473954539507,
                17.722113677000948
              ],
              [
                73.14052030493096,
                17.72078859783921
              ],
              [
                73.13509141735975,
                17.715283982671913
              ],
              [
                73.13514594599582,
                17.708663694624235
              ],
              [
                73.13697307706292,
                17.706126005895772
              ],
              [
                73.13972963656396,
                17.705419325493764
              ],
              [
                73.13998836124726,
                17.70255632016598
              ],
              [
                73.13908209946615,
                17.70499932261589
              ],
              [
                73.13578623368929,
                17.706699129625434
              ],
              [
                73.13050169729942,
                17.706000113971186
              ],
              [
                73.12464948493879,
                17.699776631836713
              ],
              [
                73.1170072230677,
                17.697931764523
              ],
              [
                73.11455392133179,
                17.694998718922285
              ],
              [
                73.11476368423885,
                17.68442066282845
              ],
              [
                73.11881001607875,
                17.672247455292496
              ],
              [
                73.12098004217465,
                17.67066131937223
              ],
              [
                73.12134183416373,
                17.6660196138395
              ],
              [
                73.12489128446379,
                17.66460065434599
              ],
              [
                73.12668381062953,
                17.659035956927212
              ],
              [
                73.12982529373825,
                17.657903137980195
              ],
              [
                73.13250495745099,
                17.654802391578713
              ],
              [
                73.13557335093326,
                17.64456423560407
              ],
              [
                73.13689042576856,
                17.644331765370126
              ],
              [
                73.13681453070345,
                17.64838254365437
              ],
              [
                73.13807169060424,
                17.643088429750104
              ],
              [
                73.14003996856201,
                17.642140410493198
              ],
              [
                73.14093639109583,
                17.639421782018296
              ],
              [
                73.14303621564888,
                17.64005905525906
              ],
              [
                73.14485623026228,
                17.638524997159806
              ],
              [
                73.14282620121354,
                17.63950375837949
              ],
              [
                73.14132051699953,
                17.638637356295305
              ],
              [
                73.13902934949432,
                17.64149660424863
              ],
              [
                73.13267084394462,
                17.64399650383109
              ],
              [
                73.12915165788647,
                17.641762407421552
              ],
              [
                73.12686328234517,
                17.637552636727047
              ],
              [
                73.1313093222657,
                17.632474438842156
              ],
              [
                73.13764004831359,
                17.61086607616417
              ],
              [
                73.14609892099875,
                17.59948358057945
              ],
              [
                73.14939322550363,
                17.597091092319502
              ],
              [
                73.15369594910206,
                17.597486005440434
              ],
              [
                73.15269313369924,
                17.59379039312755
              ],
              [
                73.16420312167052,
                17.58885203795958
              ],
              [
                73.16380189903035,
                17.58661402522281
              ],
              [
                73.16651855356987,
                17.58318850306422
              ],
              [
                73.16884017755643,
                17.582178956357755
              ],
              [
                73.17197324165436,
                17.58320720992868
              ],
              [
                73.16682623014793,
                17.585138682196295
              ],
              [
                73.16562972898672,
                17.587119865869482
              ],
              [
                73.16761596426701,
                17.587288807932985
              ],
              [
                73.1727483736585,
                17.583570449839407
              ],
              [
                73.17144971069327,
                17.585688903894706
              ],
              [
                73.17705617363659,
                17.58256444369698
              ],
              [
                73.17580387451979,
                17.573824344527612
              ],
              [
                73.17370998962741,
                17.57225079345957
              ],
              [
                73.17136177820339,
                17.572938763424165
              ],
              [
                73.17043191857806,
                17.569805299626108
              ],
              [
                73.17101819865833,
                17.57608849382375
              ],
              [
                73.16797526702449,
                17.57708444533387
              ],
              [
                73.16512454162375,
                17.576550286205403
              ],
              [
                73.16494718544058,
                17.57463780505394
              ],
              [
                73.16364905787127,
                17.574464396246967
              ],
              [
                73.16450730380215,
                17.570871963027425
              ],
              [
                73.16234318951916,
                17.571761287293032
              ],
              [
                73.16239318166305,
                17.569573464484723
              ],
              [
                73.15585486932608,
                17.567960029914847
              ],
              [
                73.15625173783205,
                17.566557055880246
              ],
              [
                73.15496434872367,
                17.566567739771116
              ],
              [
                73.15517662871012,
                17.569240510862485
              ],
              [
                73.15274453170655,
                17.573742771672983
              ],
              [
                73.14368429712574,
                17.57028474402623
              ],
              [
                73.13994472648065,
                17.56739085737211
              ],
              [
                73.13756628584895,
                17.556463931595047
              ],
              [
                73.1426397729443,
                17.544966636643956
              ],
              [
                73.14849263838015,
                17.53971129740193
              ],
              [
                73.15165247407018,
                17.538709149564834
              ],
              [
                73.1549512899144,
                17.529071825919335
              ],
              [
                73.15833500194285,
                17.528680636223886
              ],
              [
                73.16032806531763,
                17.53074029862708
              ],
              [
                73.16210299977513,
                17.529960698393893
              ],
              [
                73.17035173226085,
                17.518867875143858
              ],
              [
                73.17341879084661,
                17.51846990961029
              ],
              [
                73.17843506873307,
                17.50867557834748
              ],
              [
                73.17914312084002,
                17.510882378553646
              ],
              [
                73.17679513848638,
                17.515223207786473
              ],
              [
                73.17895935248237,
                17.512926573464057
              ],
              [
                73.18181460090052,
                17.503892204275108
              ],
              [
                73.1830943471425,
                17.508985670060035
              ],
              [
                73.18496481653213,
                17.509903264696057
              ],
              [
                73.18313816067383,
                17.507765715240563
              ],
              [
                73.18371139272463,
                17.502648370851166
              ],
              [
                73.18136456111286,
                17.503096721586164
              ],
              [
                73.17932517611045,
                17.508443556217763
              ],
              [
                73.17863414617983,
                17.50747643505203
              ],
              [
                73.18947048572294,
                17.47690828325083
              ],
              [
                73.19330411177489,
                17.470640790512405
              ],
              [
                73.19435682410018,
                17.464832402044763
              ],
              [
                73.1840597809514,
                17.45559988869584
              ],
              [
                73.18486103596399,
                17.45284305802944
              ],
              [
                73.1870348017464,
                17.452305211654693
              ],
              [
                73.18702118957488,
                17.44227938657178
              ],
              [
                73.19743524278103,
                17.44218852546964
              ],
              [
                73.20681675622991,
                17.437514541243157
              ],
              [
                73.21164120248072,
                17.43752526786285
              ],
              [
                73.20756701568048,
                17.43472483937567
              ],
              [
                73.20489551136545,
                17.43817903426008
              ],
              [
                73.19782837339712,
                17.43773296101271
              ],
              [
                73.19384089558136,
                17.43485248086213
              ],
              [
                73.19321829930911,
                17.431942508409456
              ],
              [
                73.19113657580903,
                17.432576529392847
              ],
              [
                73.18826786972957,
                17.431191974497068
              ],
              [
                73.18685017190437,
                17.42780071287841
              ],
              [
                73.18799419258838,
                17.422789554542923
              ],
              [
                73.18602753519134,
                17.42356571681476
              ],
              [
                73.18571567156575,
                17.41792923693242
              ],
              [
                73.1874120106224,
                17.414484526235537
              ],
              [
                73.18510478573151,
                17.413544213002464
              ],
              [
                73.1843696000114,
                17.41154029009059
              ],
              [
                73.17956875250309,
                17.410449849107486
              ],
              [
                73.17808585225963,
                17.406966387605532
              ],
              [
                73.17547497075158,
                17.406142950766135
              ],
              [
                73.17663913615581,
                17.40430154170268
              ],
              [
                73.17490090057262,
                17.405642824203422
              ],
              [
                73.17523510440105,
                17.407730422981604
              ],
              [
                73.17303933887732,
                17.406403319821973
              ],
              [
                73.16850864441938,
                17.407048812774278
              ],
              [
                73.16771630428764,
                17.40437055993622
              ],
              [
                73.1763802282162,
                17.389066312609412
              ],
              [
                73.18200864329009,
                17.387016715250827
              ],
              [
                73.18399577059748,
                17.384802896760032
              ],
              [
                73.18783081149608,
                17.38585689363565
              ],
              [
                73.19084370167019,
                17.385033627497016
              ],
              [
                73.18970243432254,
                17.387390131186464
              ],
              [
                73.19202967816956,
                17.388456538326476
              ],
              [
                73.19762380454902,
                17.386030496875552
              ],
              [
                73.19820918182248,
                17.390279538829127
              ],
              [
                73.2023357592684,
                17.38431150669433
              ],
              [
                73.20746507216708,
                17.386122639249045
              ],
              [
                73.20642623072811,
                17.384873538324218
              ],
              [
                73.21070297684514,
                17.3768459027589
              ],
              [
                73.20981445409595,
                17.371525130833643
              ],
              [
                73.21721097193962,
                17.369992024468154
              ],
              [
                73.2147075163631,
                17.36302551698694
              ],
              [
                73.21708111327877,
                17.358213539652102
              ],
              [
                73.22177625782422,
                17.35726700223445
              ],
              [
                73.222859851534,
                17.354921880740903
              ],
              [
                73.22504333259617,
                17.355935533293575
              ],
              [
                73.22612840223798,
                17.35397113866776
              ],
              [
                73.22127348962431,
                17.35331796546539
              ],
              [
                73.21636466461885,
                17.349766372196378
              ],
              [
                73.21504688280945,
                17.345594212116506
              ],
              [
                73.2173207038465,
                17.343286163448532
              ],
              [
                73.21956478885103,
                17.343161582701022
              ],
              [
                73.21997254493826,
                17.340487111504032
              ],
              [
                73.22568996149725,
                17.33720787522505
              ],
              [
                73.22702853750889,
                17.334406886054555
              ],
              [
                73.23064234670916,
                17.335412083722023
              ],
              [
                73.22857749985832,
                17.33325569941933
              ],
              [
                73.22173645976218,
                17.33323567458731
              ],
              [
                73.21906474254644,
                17.3291785790219
              ],
              [
                73.23080683093264,
                17.318841468453975
              ],
              [
                73.24068687073662,
                17.31753988660536
              ],
              [
                73.24424806561075,
                17.321617551796567
              ],
              [
                73.24208310511476,
                17.313270299854867
              ],
              [
                73.24314061174869,
                17.30940122902316
              ],
              [
                73.24668554711613,
                17.308051700934833
              ],
              [
                73.24168246907446,
                17.306578634580134
              ],
              [
                73.23993413013925,
                17.30300496241637
              ],
              [
                73.24195266704055,
                17.29745434702055
              ],
              [
                73.2414281964417,
                17.294590195438445
              ],
              [
                73.24621696879596,
                17.295200964476358
              ],
              [
                73.24562637680229,
                17.296433588154567
              ],
              [
                73.24938970788669,
                17.296110529283844
              ],
              [
                73.24939242978199,
                17.28093475525053
              ],
              [
                73.24624612900841,
                17.28380524194178
              ],
              [
                73.24248346806722,
                17.28040249153224
              ],
              [
                73.24319398155804,
                17.285091271423482
              ],
              [
                73.23499142607119,
                17.285900531269743
              ],
              [
                73.22664900019964,
                17.281618993168916
              ],
              [
                73.22424592057637,
                17.29279227118627
              ],
              [
                73.2221800909686,
                17.294779008878386
              ],
              [
                73.22449477906287,
                17.299675394106657
              ],
              [
                73.22322045595031,
                17.30239173548881
              ],
              [
                73.21081103429238,
                17.30358497443808
              ],
              [
                73.20505052824413,
                17.298903294695915
              ],
              [
                73.19660286204213,
                17.306773957244804
              ],
              [
                73.19184895420236,
                17.304231880990994
              ],
              [
                73.19233409476145,
                17.301036091365738
              ],
              [
                73.18978663970233,
                17.298775687107703
              ],
              [
                73.19484175445348,
                17.29680060141855
              ],
              [
                73.20013747127538,
                17.289037762553736
              ],
              [
                73.20437787964087,
                17.289250107409117
              ],
              [
                73.2015554996806,
                17.282304122329663
              ],
              [
                73.2045383537849,
                17.269563533540015
              ],
              [
                73.20909541918633,
                17.269795937736536
              ],
              [
                73.2116480251853,
                17.274487674218307
              ],
              [
                73.2106113199401,
                17.277109131381984
              ],
              [
                73.20594086379357,
                17.280340106088445
              ],
              [
                73.20668300606724,
                17.2815883925115
              ],
              [
                73.21313271846607,
                17.278061785155213
              ],
              [
                73.21258457186958,
                17.276820598729664
              ],
              [
                73.20999224686035,
                17.27811518357095
              ],
              [
                73.21522170215025,
                17.274229814831404
              ],
              [
                73.2174135195783,
                17.270355870020147
              ],
              [
                73.22025145835927,
                17.271522263048226
              ],
              [
                73.22352746777506,
                17.265537479458523
              ],
              [
                73.22138952500957,
                17.26077690789756
              ],
              [
                73.22234979709883,
                17.25596482635069
              ],
              [
                73.22650155701712,
                17.256148337358844
              ],
              [
                73.22835949041698,
                17.250883389167594
              ],
              [
                73.22412116973621,
                17.247569869011404
              ],
              [
                73.23142381273436,
                17.2457950532778
              ],
              [
                73.23202137116306,
                17.24070113940498
              ],
              [
                73.23436784704201,
                17.238013750914217
              ],
              [
                73.23221561208032,
                17.233953104237468
              ],
              [
                73.2327281880865,
                17.231014942674918
              ],
              [
                73.23632394743778,
                17.226551179593795
              ],
              [
                73.24159690454366,
                17.227144154856298
              ],
              [
                73.24481945162361,
                17.22250660425709
              ],
              [
                73.24701804863709,
                17.204387817743296
              ],
              [
                73.24390878540267,
                17.19836881418117
              ],
              [
                73.2461650785119,
                17.197520340864195
              ],
              [
                73.24569983383971,
                17.198904629449597
              ],
              [
                73.24961695021254,
                17.20432772524959
              ],
              [
                73.25306772507021,
                17.203763732029255
              ],
              [
                73.25286497261565,
                17.201440870984026
              ],
              [
                73.25512073302394,
                17.201799170956125
              ],
              [
                73.2514249076382,
                17.19918390263223
              ],
              [
                73.24993385787846,
                17.200277647171873
              ],
              [
                73.2499956898178,
                17.197257679889532
              ],
              [
                73.24763319248576,
                17.19547278504426
              ],
              [
                73.23650505498557,
                17.20106515616086
              ],
              [
                73.2320376719922,
                17.200993609040136
              ],
              [
                73.23137473597377,
                17.198177781597032
              ],
              [
                73.2361248861607,
                17.193203537282226
              ],
              [
                73.2410703669213,
                17.19336433473962
              ],
              [
                73.2447372431987,
                17.190232293147602
              ],
              [
                73.24957535013006,
                17.19177440911736
              ],
              [
                73.25226978394271,
                17.190215065054286
              ],
              [
                73.25928041608302,
                17.173918397508597
              ],
              [
                73.26028667113503,
                17.163899472475315
              ],
              [
                73.26686598078496,
                17.152826692230583
              ],
              [
                73.268372659434,
                17.15341973706096
              ],
              [
                73.26729828513396,
                17.153775092156092
              ],
              [
                73.2662971747336,
                17.15700233539311
              ],
              [
                73.26469108402364,
                17.158465160308733
              ],
              [
                73.26426186359099,
                17.162268669991516
              ],
              [
                73.26717242038289,
                17.155115381471845
              ],
              [
                73.26975628505879,
                17.155254661418038
              ],
              [
                73.26754386207479,
                17.154402904094006
              ],
              [
                73.26870691805964,
                17.153855711432684
              ],
              [
                73.2685117437928,
                17.15261316915601
              ],
              [
                73.27415628362606,
                17.15283526466743
              ],
              [
                73.27525104159818,
                17.156839642075425
              ],
              [
                73.27653815222887,
                17.156660800630803
              ],
              [
                73.27545060233858,
                17.152747406398476
              ],
              [
                73.27201400648933,
                17.151524745035175
              ],
              [
                73.26792769961926,
                17.151263760510567
              ],
              [
                73.26394289968137,
                17.154562737803662
              ],
              [
                73.26847828334512,
                17.13652841714481
              ],
              [
                73.2685059307946,
                17.13146455571863
              ],
              [
                73.27148799438143,
                17.128861063564685
              ],
              [
                73.27319721348263,
                17.120138668419358
              ],
              [
                73.26749898942971,
                17.11240464430335
              ],
              [
                73.2778633873602,
                17.113312868991873
              ],
              [
                73.28460312713668,
                17.100817720173662
              ],
              [
                73.28163116780016,
                17.111600730750702
              ],
              [
                73.28532139398672,
                17.113311528807678
              ],
              [
                73.28661082855903,
                17.116513452843908
              ],
              [
                73.2890924299213,
                17.116822816892757
              ],
              [
                73.28956618702911,
                17.115258093665865
              ],
              [
                73.28610356339283,
                17.111788117773955
              ],
              [
                73.28373385528403,
                17.11248122919019
              ],
              [
                73.2831234644215,
                17.110819852153572
              ],
              [
                73.28610749352218,
                17.100605949870726
              ],
              [
                73.28502753529435,
                17.094653704288536
              ],
              [
                73.28690218544332,
                17.0870062301273
              ],
              [
                73.2866135720139,
                17.083809094215233
              ],
              [
                73.28388685185165,
                17.08006334995249
              ],
              [
                73.29113028868603,
                17.07829464986516
              ],
              [
                73.28946782330212,
                17.074913786851855
              ],
              [
                73.28755908747802,
                17.0531155186954
              ],
              [
                73.28046966859567,
                17.041936977390947
              ],
              [
                73.27975390624863,
                17.03812681803139
              ],
              [
                73.276841877118,
                17.035666081945486
              ],
              [
                73.27325532280342,
                17.039808523042943
              ],
              [
                73.26720994121568,
                17.038949203407515
              ],
              [
                73.26959895681487,
                17.043090812520543
              ],
              [
                73.26526601478861,
                17.047422338360146
              ],
              [
                73.25828128826447,
                17.048376582842522
              ],
              [
                73.25649837407227,
                17.043559397734914
              ],
              [
                73.25864474213684,
                17.032291248038785
              ],
              [
                73.25564769015949,
                17.02709796873559
              ],
              [
                73.25869653360623,
                17.019962023672104
              ],
              [
                73.2608186821924,
                17.02169756692703
              ],
              [
                73.26511610752728,
                17.0211362462205
              ],
              [
                73.26754817398812,
                17.025232213656558
              ],
              [
                73.27158944022815,
                17.02454425390756
              ],
              [
                73.27219898487769,
                17.022515915274283
              ],
              [
                73.27523695960781,
                17.024033207672108
              ],
              [
                73.28300986077572,
                17.013073371435034
              ],
              [
                73.2846162452348,
                17.00519467034489
              ],
              [
                73.2814958716369,
                16.99824991710565
              ],
              [
                73.27634247580377,
                16.999098566710185
              ],
              [
                73.27380149490291,
                16.99604937011317
              ],
              [
                73.26901840708778,
                16.99844941824528
              ],
              [
                73.26809605288668,
                16.990706481040377
              ],
              [
                73.27152928903674,
                16.98657954151869
              ],
              [
                73.27354637426053,
                16.985856713004114
              ],
              [
                73.27648082264574,
                16.991555326305512
              ],
              [
                73.27874756406003,
                16.993075736310438
              ],
              [
                73.28501280921189,
                16.98928580853197
              ],
              [
                73.29157582701582,
                16.988413170079177
              ],
              [
                73.29604329534915,
                16.98437252831449
              ],
              [
                73.29459825819657,
                16.97899684582474
              ],
              [
                73.29524259459706,
                16.967252012540584
              ],
              [
                73.29225694134234,
                16.962679475362517
              ],
              [
                73.2924376572247,
                16.95620363360663
              ],
              [
                73.28715909732638,
                16.951678909652006
              ],
              [
                73.28399367501366,
                16.953275077736915
              ],
              [
                73.28198364156484,
                16.95040226737978
              ],
              [
                73.28423858360786,
                16.941794572337262
              ],
              [
                73.28805048480302,
                16.934418531542622
              ],
              [
                73.28662790283762,
                16.93161182683633
              ],
              [
                73.2833278410301,
                16.931220298994994
              ],
              [
                73.28258508610541,
                16.928448381132036
              ],
              [
                73.28285518166358,
                16.923900550278216
              ],
              [
                73.28628593217528,
                16.920315638505375
              ],
              [
                73.28718150580114,
                16.916660893977845
              ],
              [
                73.28527533466718,
                16.914863290625405
              ],
              [
                73.28628405469634,
                16.91313067284174
              ],
              [
                73.28446262343972,
                16.911459546965062
              ],
              [
                73.28397862014779,
                16.907978054810588
              ],
              [
                73.27981970424993,
                16.90433804864098
              ],
              [
                73.28024022988897,
                16.897897875950214
              ],
              [
                73.27676606290129,
                16.892019156307125
              ],
              [
                73.28696840116125,
                16.892891322339494
              ],
              [
                73.28714353042082,
                16.897253497356523
              ],
              [
                73.29439795904106,
                16.89875346806942
              ],
              [
                73.29784365033255,
                16.897403120466464
              ],
              [
                73.30324780099576,
                16.89138115189605
              ],
              [
                73.29592721504811,
                16.88874939001573
              ],
              [
                73.28623157691406,
                16.880244868490827
              ],
              [
                73.28744762272093,
                16.873915450391355
              ],
              [
                73.2904540917374,
                16.870580487303798
              ],
              [
                73.2919707551608,
                16.871729272440664
              ],
              [
                73.29460116604314,
                16.868912476483086
              ],
              [
                73.29551271620637,
                16.860464334111644
              ],
              [
                73.29833783872319,
                16.863112443388975
              ],
              [
                73.30026407732228,
                16.860475879026044
              ],
              [
                73.29661688133616,
                16.8580709280607
              ],
              [
                73.29333612073083,
                16.859850128862107
              ],
              [
                73.28819380741338,
                16.857353560512102
              ],
              [
                73.29346472444522,
                16.85531282737009
              ],
              [
                73.29323685509532,
                16.853120702402784
              ],
              [
                73.29036197219995,
                16.851769582307547
              ],
              [
                73.29302024612745,
                16.851271729555144
              ],
              [
                73.29336665177239,
                16.849175698637858
              ],
              [
                73.28828149286655,
                16.84427956328764
              ],
              [
                73.29119189694488,
                16.84387239030308
              ],
              [
                73.29394512100126,
                16.83930269192365
              ],
              [
                73.29287746340464,
                16.836095049722058
              ],
              [
                73.29483703219573,
                16.833898226758667
              ],
              [
                73.29741295845946,
                16.82391777501516
              ],
              [
                73.29510627615102,
                16.820728045844845
              ],
              [
                73.29575001966339,
                16.816463467449207
              ],
              [
                73.30292917395438,
                16.81000901884716
              ],
              [
                73.3162963119946,
                16.80728604586084
              ],
              [
                73.31852307568381,
                16.805545896808283
              ],
              [
                73.31664282903061,
                16.80072707964727
              ],
              [
                73.31802718678234,
                16.795078528588164
              ],
              [
                73.30855415476897,
                16.781946123568247
              ],
              [
                73.30785155184252,
                16.772009693751574
              ],
              [
                73.30517172014483,
                16.76612304920953
              ],
              [
                73.3056619739145,
                16.75093639628855
              ],
              [
                73.30754386268805,
                16.749298655475435
              ],
              [
                73.30572619357586,
                16.74467170904492
              ],
              [
                73.30661734749053,
                16.73292430004652
              ],
              [
                73.30547514230169,
                16.73023971964475
              ],
              [
                73.30733110479784,
                16.727055792484368
              ],
              [
                73.30995713818982,
                16.726854857056708
              ],
              [
                73.31017557073767,
                16.723224191328026
              ],
              [
                73.31202746656048,
                16.721825193556008
              ],
              [
                73.31124205872781,
                16.715797743960938
              ],
              [
                73.31571145754067,
                16.713063627683958
              ],
              [
                73.31925801436722,
                16.70647871048285
              ],
              [
                73.3193983914017,
                16.703877522158752
              ],
              [
                73.31692293721093,
                16.70049101047406
              ],
              [
                73.31856566750636,
                16.696451758881445
              ],
              [
                73.32553880486506,
                16.690427945536605
              ],
              [
                73.32964762261781,
                16.689246545381494
              ],
              [
                73.33014069889414,
                16.687090047720076
              ],
              [
                73.33365171746972,
                16.68862444502279
              ],
              [
                73.33576787519127,
                16.686257437440656
              ],
              [
                73.33846248237876,
                16.68707114459061
              ],
              [
                73.34107850404688,
                16.691907063994492
              ],
              [
                73.34106825426947,
                16.697147117396177
              ],
              [
                73.34466156750825,
                16.690734129666716
              ],
              [
                73.3412202869448,
                16.688998041755085
              ],
              [
                73.34121397627993,
                16.680277531544572
              ],
              [
                73.33611714915686,
                16.685197307533564
              ],
              [
                73.3314301487378,
                16.686413230537003
              ],
              [
                73.32908729756105,
                16.684873759216277
              ],
              [
                73.33144726703385,
                16.673470367918856
              ],
              [
                73.3329433608339,
                16.650468345262606
              ],
              [
                73.33196509818443,
                16.648009396412423
              ],
              [
                73.32859288459157,
                16.64588106075705
              ],
              [
                73.32610796934422,
                16.648004853846434
              ],
              [
                73.32369553197066,
                16.64784312792592
              ],
              [
                73.32158792800723,
                16.644160624423854
              ],
              [
                73.3228232983725,
                16.636303504850027
              ],
              [
                73.32916406758522,
                16.638116074441022
              ],
              [
                73.32895585696699,
                16.641299048338226
              ],
              [
                73.34139565605456,
                16.63830426058864
              ],
              [
                73.3392980647133,
                16.632655837181606
              ],
              [
                73.34139617617912,
                16.628733311157593
              ],
              [
                73.33961444327154,
                16.627104937036226
              ],
              [
                73.33766908492993,
                16.627779406574852
              ],
              [
                73.33375096424061,
                16.62622904608243
              ],
              [
                73.32980587073659,
                16.621590501581295
              ],
              [
                73.33025024754471,
                16.62021105516274
              ],
              [
                73.33526681648533,
                16.61999043319831
              ],
              [
                73.33765206814348,
                16.62410346585877
              ],
              [
                73.34101653197035,
                16.621435362450207
              ],
              [
                73.35164907072496,
                16.622953175394137
              ],
              [
                73.35107599408272,
                16.61272122621511
              ],
              [
                73.34455578190038,
                16.61159618782245
              ],
              [
                73.33951032583515,
                16.604202512059274
              ],
              [
                73.33011009059743,
                16.608562259903934
              ],
              [
                73.32641388971594,
                16.607970517604766
              ],
              [
                73.32399778002946,
                16.605909327353174
              ],
              [
                73.31994880175272,
                16.607715404887443
              ],
              [
                73.31673309085204,
                16.601787480535975
              ],
              [
                73.31951052001378,
                16.59858823066955
              ],
              [
                73.31863341305521,
                16.593648993683686
              ],
              [
                73.321706873934,
                16.59071808736878
              ],
              [
                73.3220463778226,
                16.583739262890134
              ],
              [
                73.33035250457014,
                16.57740134554298
              ],
              [
                73.33264735516798,
                16.562547781611727
              ],
              [
                73.3311504358162,
                16.56173424199268
              ],
              [
                73.33378287239951,
                16.558965997257747
              ],
              [
                73.33062198029073,
                16.556462486112267
              ],
              [
                73.32614539226067,
                16.557852702797835
              ],
              [
                73.32494111258738,
                16.552908205421073
              ],
              [
                73.32072313156132,
                16.550533922277282
              ],
              [
                73.32151763393793,
                16.553717588826487
              ],
              [
                73.31968995130529,
                16.556296534491207
              ],
              [
                73.31764199098515,
                16.55652949633528
              ],
              [
                73.31852181444916,
                16.55043840247865
              ],
              [
                73.31380690157755,
                16.54452024178163
              ],
              [
                73.31444444491784,
                16.540974310156063
              ],
              [
                73.31311744190207,
                16.539606411515948
              ],
              [
                73.31174718320871,
                16.542529490406025
              ],
              [
                73.31060356047836,
                16.541337316385203
              ],
              [
                73.31292990511177,
                16.53892104756654
              ],
              [
                73.31260329564076,
                16.534809518905917
              ],
              [
                73.31816577527113,
                16.530143317274383
              ],
              [
                73.31645959157727,
                16.52682079838936
              ],
              [
                73.3188015129977,
                16.518849588766923
              ],
              [
                73.31582870744819,
                16.51285009831966
              ],
              [
                73.32118880652651,
                16.516195457587646
              ],
              [
                73.3251490195751,
                16.513080907776164
              ],
              [
                73.32895116596457,
                16.502334157185707
              ],
              [
                73.33117459959904,
                16.48869540682547
              ],
              [
                73.33648946580783,
                16.47913314162249
              ],
              [
                73.34068457213351,
                16.478338580009893
              ],
              [
                73.3424230403804,
                16.47402986935681
              ],
              [
                73.34179503894505,
                16.46618965431721
              ],
              [
                73.34585513207678,
                16.45939354921617
              ],
              [
                73.3518747796266,
                16.44362831218325
              ],
              [
                73.35401613688849,
                16.443111039419165
              ],
              [
                73.35417640352172,
                16.44593917772066
              ],
              [
                73.35742188638751,
                16.443110434593283
              ],
              [
                73.366313745243,
                16.44112540659242
              ],
              [
                73.3753825784977,
                16.446823374314672
              ],
              [
                73.37806590823511,
                16.45360698830114
              ],
              [
                73.37920657999973,
                16.451088104906216
              ],
              [
                73.38380471008774,
                16.451623145437885
              ],
              [
                73.38560361069872,
                16.449250703823527
              ],
              [
                73.38580495549326,
                16.448020943444682
              ],
              [
                73.3822769884032,
                16.4502076409966
              ],
              [
                73.37878489373738,
                16.450090434816804
              ],
              [
                73.36716527357221,
                16.436367193053073
              ],
              [
                73.36222669546622,
                16.436905455197483
              ],
              [
                73.36208149268202,
                16.440008397460026
              ],
              [
                73.35577285081708,
                16.442153227217577
              ],
              [
                73.35886838959061,
                16.43260387597871
              ],
              [
                73.35936328854864,
                16.42721127217305
              ],
              [
                73.35809691283136,
                16.42395149554352
              ],
              [
                73.36243874099242,
                16.419646395673315
              ],
              [
                73.36491176254539,
                16.411966951319908
              ],
              [
                73.36545100144752,
                16.404305796846497
              ],
              [
                73.36791623909856,
                16.401069327848422
              ],
              [
                73.3656155269935,
                16.39877151124186
              ],
              [
                73.36615303035046,
                16.396675011575443
              ],
              [
                73.3789311727033,
                16.395975923132205
              ],
              [
                73.3841326319974,
                16.40010762960879
              ],
              [
                73.38648477085586,
                16.40414175369146
              ],
              [
                73.3883747768063,
                16.401630766491508
              ],
              [
                73.39166671155546,
                16.400659227963224
              ],
              [
                73.39925456426644,
                16.402234289984428
              ],
              [
                73.40493103381813,
                16.408782534862826
              ],
              [
                73.40595656312291,
                16.416050863876347
              ],
              [
                73.41149346232723,
                16.413271612934736
              ],
              [
                73.41610936468486,
                16.419940111795402
              ],
              [
                73.41420719824042,
                16.416796841562146
              ],
              [
                73.41409199918667,
                16.412617983330808
              ],
              [
                73.4266161006721,
                16.410568867986772
              ],
              [
                73.43337692301,
                16.4126198506575
              ],
              [
                73.45548216246505,
                16.414315551696355
              ],
              [
                73.46335383070353,
                16.41629979198425
              ],
              [
                73.46724355295174,
                16.4258110641849
              ],
              [
                73.47293406137474,
                16.428537903265838
              ],
              [
                73.47202156259058,
                16.435875569094048
              ],
              [
                73.47405858232887,
                16.439162181583427
              ],
              [
                73.47259427451682,
                16.435592098320786
              ],
              [
                73.47360292807066,
                16.428327572527177
              ],
              [
                73.46760674361776,
                16.424691469047563
              ],
              [
                73.46457437437499,
                16.416176742872935
              ],
              [
                73.47296595695721,
                16.415000696583085
              ],
              [
                73.48038716230151,
                16.410637946003266
              ],
              [
                73.48868133337092,
                16.41229420653247
              ],
              [
                73.49159427698653,
                16.418555120475705
              ],
              [
                73.49919348080944,
                16.418159751778646
              ],
              [
                73.49937546960456,
                16.41714625822156
              ],
              [
                73.49204427365508,
                16.417749511270323
              ],
              [
                73.48953367647208,
                16.41180274745126
              ],
              [
                73.48156513301505,
                16.40920783570577
              ],
              [
                73.46949273769214,
                16.41440956950372
              ],
              [
                73.45646736639671,
                16.4103008764517
              ],
              [
                73.44210730250666,
                16.409625520566042
              ],
              [
                73.43675667885796,
                16.40705707555399
              ],
              [
                73.4294222157358,
                16.406135096890555
              ],
              [
                73.42064976454112,
                16.405702526577084
              ],
              [
                73.41348867806545,
                16.408190707259095
              ],
              [
                73.40813606375005,
                16.40671155736466
              ],
              [
                73.40500157582247,
                16.40246002783421
              ],
              [
                73.40472919944177,
                16.394007397235416
              ],
              [
                73.40051703500718,
                16.38879179279679
              ],
              [
                73.39489332620705,
                16.38956632512219
              ],
              [
                73.39063415473022,
                16.39452566674781
              ],
              [
                73.38764671562473,
                16.394267920510575
              ],
              [
                73.38448117293773,
                16.390165213274766
              ],
              [
                73.37905914669868,
                16.387964596770477
              ],
              [
                73.3772575529385,
                16.381427432421273
              ],
              [
                73.37798230921814,
                16.379551453974084
              ],
              [
                73.37583664273784,
                16.37940732818193
              ],
              [
                73.37243050247166,
                16.37615523602376
              ],
              [
                73.3719219302567,
                16.378713343768013
              ],
              [
                73.37458714007654,
                16.3860934807718
              ],
              [
                73.3740509797009,
                16.38860081600023
              ],
              [
                73.37169178277924,
                16.38879299158286
              ],
              [
                73.36927758380935,
                16.380056835845487
              ],
              [
                73.3667251062695,
                16.37868590471093
              ],
              [
                73.36776778531137,
                16.375595349453608
              ],
              [
                73.37130209181237,
                16.373711901832838
              ],
              [
                73.36821584161888,
                16.36393732463772
              ],
              [
                73.37284364845061,
                16.359759384710266
              ],
              [
                73.37990723987019,
                16.361265520590266
              ],
              [
                73.3840638201483,
                16.35892324003429
              ],
              [
                73.38991698112989,
                16.364868773815086
              ],
              [
                73.39016074527042,
                16.36702508069401
              ],
              [
                73.39184085087159,
                16.36609686365415
              ],
              [
                73.39491200218181,
                16.367829759433462
              ],
              [
                73.39239425081584,
                16.363928158917762
              ],
              [
                73.39277346293494,
                16.360767480299103
              ],
              [
                73.40333413736514,
                16.359601426452958
              ],
              [
                73.40974324681143,
                16.362072055554467
              ],
              [
                73.41423989781507,
                16.367035003889313
              ],
              [
                73.41423840212009,
                16.36904637076734
              ],
              [
                73.4209144711059,
                16.372497937154904
              ],
              [
                73.42552360555615,
                16.373118180975354
              ],
              [
                73.42784666684719,
                16.37161409912305
              ],
              [
                73.437174133157,
                16.3737734643795
              ],
              [
                73.43871807931392,
                16.371898487923588
              ],
              [
                73.43663262331384,
                16.37050020746382
              ],
              [
                73.43059064005283,
                16.37014389293558
              ],
              [
                73.42625618346699,
                16.372045709142128
              ],
              [
                73.42166159453781,
                16.371176914281122
              ],
              [
                73.41545996897268,
                16.367870044178996
              ],
              [
                73.4155707824512,
                16.365797618140316
              ],
              [
                73.40876283808676,
                16.357317503569718
              ],
              [
                73.3984356286124,
                16.355567538086078
              ],
              [
                73.39766413298852,
                16.35435153143395
              ],
              [
                73.39354353742405,
                16.355121925202386
              ],
              [
                73.38900483268868,
                16.360992197376348
              ],
              [
                73.38691489140041,
                16.35720735688111
              ],
              [
                73.38954691835195,
                16.347297859611032
              ],
              [
                73.38536852338551,
                16.337115323641086
              ],
              [
                73.39248776004703,
                16.329646382099742
              ],
              [
                73.39614245516918,
                16.318352885408423
              ],
              [
                73.39287442638637,
                16.313611090902345
              ],
              [
                73.39913918285473,
                16.30043235554228
              ],
              [
                73.40486515676508,
                16.2971769969851
              ],
              [
                73.41018842491677,
                16.27422150331609
              ],
              [
                73.41139283843899,
                16.275852864936837
              ],
              [
                73.41194713490191,
                16.2854490203484
              ],
              [
                73.4146028971399,
                16.28754460460963
              ],
              [
                73.41704467977888,
                16.292654506817282
              ],
              [
                73.42020911574144,
                16.2909178950077
              ],
              [
                73.41837491313645,
                16.288977199458493
              ],
              [
                73.42223359410002,
                16.28470296760063
              ],
              [
                73.42572529530374,
                16.284439521702353
              ],
              [
                73.42696539709559,
                16.28712417873452
              ],
              [
                73.43113503438637,
                16.289540769335446
              ],
              [
                73.43343554257386,
                16.28500757033571
              ],
              [
                73.44246673731645,
                16.293358552169927
              ],
              [
                73.44755651535948,
                16.304500153142474
              ],
              [
                73.44747135596887,
                16.307509597952905
              ],
              [
                73.44929643169057,
                16.308965515936382
              ],
              [
                73.44773326338323,
                16.30651024179879
              ],
              [
                73.44827494839785,
                16.3039074109572
              ],
              [
                73.44306068002611,
                16.293124609892075
              ],
              [
                73.4343205870463,
                16.284232539088364
              ],
              [
                73.42617317374484,
                16.28254060785201
              ],
              [
                73.41684057985138,
                16.2828706788914
              ],
              [
                73.4144650416764,
                16.284495811947195
              ],
              [
                73.41169281286184,
                16.272680104309757
              ],
              [
                73.41589993595106,
                16.24779084503601
              ],
              [
                73.4205402536198,
                16.243197144952013
              ],
              [
                73.42555911595936,
                16.22535154041177
              ],
              [
                73.42793130880823,
                16.202263320217
              ],
              [
                73.43103501955589,
                16.200234008082813
              ],
              [
                73.43611516855738,
                16.203187535683846
              ],
              [
                73.43775367946593,
                16.202619381776184
              ],
              [
                73.43806453069021,
                16.201310917946692
              ],
              [
                73.43605414959337,
                16.200529312972755
              ],
              [
                73.44004423881167,
                16.191694176517863
              ],
              [
                73.44283311251013,
                16.177396049689598
              ],
              [
                73.44702765918542,
                16.16802087356319
              ],
              [
                73.44620871544656,
                16.164653881964508
              ],
              [
                73.45661721167431,
                16.12877752887425
              ],
              [
                73.45963002189839,
                16.09309981963495
              ],
              [
                73.46241977864076,
                16.089655930824176
              ],
              [
                73.45839836606683,
                16.086061643535714
              ],
              [
                73.45939430666277,
                16.084552449224127
              ],
              [
                73.45810448940817,
                16.080495316641194
              ],
              [
                73.46393555632531,
                16.079842722208376
              ],
              [
                73.46278412274361,
                16.07717847001258
              ],
              [
                73.46444501068588,
                16.07839531087345
              ],
              [
                73.46528320532128,
                16.077325073611128
              ],
              [
                73.46627786671627,
                16.072251803417895
              ],
              [
                73.46361733711908,
                16.070043342020472
              ],
              [
                73.46515646201787,
                16.06705447915513
              ],
              [
                73.4622902173223,
                16.063528204586927
              ],
              [
                73.45637674974076,
                16.062434459696316
              ],
              [
                73.45720701404885,
                16.053806191889993
              ],
              [
                73.4593916171068,
                16.05281510322983
              ],
              [
                73.45992539425202,
                16.055086270957002
              ],
              [
                73.46145111538841,
                16.05536218637708
              ],
              [
                73.46804898063886,
                16.05323043989035
              ],
              [
                73.46942375965475,
                16.049765541095077
              ],
              [
                73.46693132730508,
                16.04644776175093
              ],
              [
                73.47514333306871,
                16.044717985104903
              ],
              [
                73.483295167878,
                16.036238728820955
              ],
              [
                73.49105660205132,
                16.00931409159366
              ],
              [
                73.48967022758177,
                15.98793406888819
              ],
              [
                73.50342125257383,
                15.964616755732216
              ],
              [
                73.50309173076467,
                15.952972302132336
              ],
              [
                73.51015817972517,
                15.941965906695808
              ],
              [
                73.51044575739708,
                15.937335121082569
              ],
              [
                73.51228721030472,
                15.93724487784512
              ],
              [
                73.51467020719151,
                15.940444993091852
              ],
              [
                73.51696133517085,
                15.939793409205251
              ],
              [
                73.51737416763778,
                15.938192105895348
              ],
              [
                73.51756405981072,
                15.940301784663317
              ],
              [
                73.51951422683406,
                15.941121928242524
              ],
              [
                73.52091804748476,
                15.940490542427206
              ],
              [
                73.51922953095757,
                15.940344064648844
              ],
              [
                73.51941835054213,
                15.939285200895599
              ],
              [
                73.53132832956331,
                15.9329314933073
              ],
              [
                73.53319095845715,
                15.93369605026309
              ],
              [
                73.53475442590351,
                15.938322555177022
              ],
              [
                73.54034257579143,
                15.93719500020015
              ],
              [
                73.5501084019936,
                15.927282702294034
              ],
              [
                73.56786465640972,
                15.919522960820247
              ],
              [
                73.567797104897,
                15.916322214884064
              ],
              [
                73.57002749239008,
                15.912614704053775
              ],
              [
                73.57733935120474,
                15.912410999776604
              ],
              [
                73.58867796128104,
                15.90975293799237
              ],
              [
                73.5919461571505,
                15.901295900641978
              ],
              [
                73.59712726421353,
                15.896548467021267
              ],
              [
                73.5974323266941,
                15.891566034732891
              ],
              [
                73.60061029128485,
                15.889821672872051
              ],
              [
                73.59916673275926,
                15.887302835009363
              ],
              [
                73.60328236423345,
                15.885076627964402
              ],
              [
                73.6060693451816,
                15.88124221091298
              ],
              [
                73.60543686205132,
                15.878304042565672
              ],
              [
                73.61218260616717,
                15.867167059534678
              ],
              [
                73.61001991930719,
                15.86566632699072
              ],
              [
                73.61368228334689,
                15.854680760579337
              ],
              [
                73.61663941509133,
                15.853533748861071
              ],
              [
                73.6180866620995,
                15.857430603661717
              ],
              [
                73.61966995716078,
                15.858138991608374
              ],
              [
                73.62490567280993,
                15.853804589387352
              ],
              [
                73.62902870460543,
                15.84776501337858
              ],
              [
                73.6393032413631,
                15.819561676501413
              ],
              [
                73.63900180178804,
                15.817626964391758
              ],
              [
                73.63647556493594,
                15.816116134969922
              ],
              [
                73.64077171106986,
                15.810748396670206
              ],
              [
                73.64421572610503,
                15.809975230223749
              ],
              [
                73.64554996774535,
                15.805018703015257
              ],
              [
                73.64908874516155,
                15.803428213348798
              ],
              [
                73.65406975608829,
                15.79148867285473
              ],
              [
                73.66318330568116,
                15.763366287882539
              ],
              [
                73.6639281716468,
                15.755490482828241
              ],
              [
                73.66594425974061,
                15.755008638635513
              ],
              [
                73.65897007225138,
                15.747892998480193
              ],
              [
                73.65452688538018,
                15.747999981982277
              ],
              [
                73.65331560962748,
                15.74399007924931
              ],
              [
                73.65976528519538,
                15.739891287683285
              ],
              [
                73.66462649769413,
                15.739868696596588
              ],
              [
                73.6687876414139,
                15.734819130592262
              ],
              [
                73.67103990917232,
                15.734616984172364
              ],
              [
                73.67141493693885,
                15.731645376880925
              ],
              [
                73.67513069863567,
                15.729322242136345
              ],
              [
                73.67538205174372,
                15.727022158467594
              ],
              [
                73.67686731545473,
                15.729220229342834
              ],
              [
                73.6859393808478,
                15.729655084265117
              ],
              [
                73.69261128254898,
                15.72773225204559
              ],
              [
                73.69425667185766,
                15.722771345516598
              ],
              [
                73.70298117906732,
                15.722946917541487
              ],
              [
                73.71116380812452,
                15.725828597795728
              ],
              [
                73.72075186312186,
                15.724377387700093
              ],
              [
                73.72434708258565,
                15.720699706455918
              ],
              [
                73.72829115829848,
                15.719756664021542
              ],
              [
                73.73118112929731,
                15.721484547709547
              ],
              [
                73.73459734506771,
                15.73051794485529
              ],
              [
                73.74250460815102,
                15.735612183429526
              ],
              [
                73.76365482796626,
                15.733487902421805
              ],
              [
                73.7734820890524,
                15.72814761158857
              ],
              [
                73.78491127895376,
                15.725385397326045
              ],
              [
                73.78843508594572,
                15.72822373897062
              ],
              [
                73.78997757683187,
                15.734936623042879
              ],
              [
                73.7942829046463,
                15.736333789184995
              ],
              [
                73.79736847122184,
                15.734566743463793
              ],
              [
                73.80084484537021,
                15.735055957133966
              ],
              [
                73.80661732955443,
                15.73824734984729
              ],
              [
                73.80902279689975,
                15.742473983634188
              ],
              [
                73.81760394107488,
                15.739045365287394
              ],
              [
                73.82312287217688,
                15.73986471323988
              ],
              [
                73.82523462725523,
                15.741550421830464
              ],
              [
                73.82721142393687,
                15.747717460096284
              ],
              [
                73.83081427728392,
                15.752635875303227
              ],
              [
                73.82976980430645,
                15.764529488127035
              ],
              [
                73.83779010330025,
                15.767106126962329
              ],
              [
                73.83968192205097,
                15.774771790716754
              ],
              [
                73.843280230821,
                15.781131419964948
              ],
              [
                73.85166646124075,
                15.780784004457516
              ],
              [
                73.84674235229905,
                15.786440577597334
              ],
              [
                73.84988104973209,
                15.788780630007574
              ],
              [
                73.85267507706534,
                15.797233089594453
              ],
              [
                73.85647553641874,
                15.800762637691411
              ],
              [
                73.86725578785043,
                15.796534559150565
              ],
              [
                73.8649599985131,
                15.790909532775762
              ],
              [
                73.86573523292519,
                15.784690866905857
              ],
              [
                73.86970759478966,
                15.782922768132783
              ],
              [
                73.87589477903828,
                15.775151446977391
              ],
              [
                73.87960362819902,
                15.774061319515546
              ],
              [
                73.87730482142062,
                15.768328150396004
              ],
              [
                73.87477169269368,
                15.76746197243197
              ],
              [
                73.87649568638635,
                15.76506690900504
              ],
              [
                73.87207097875886,
                15.758690673041384
              ],
              [
                73.8722417898169,
                15.755702313217006
              ],
              [
                73.87524066986583,
                15.750693010123202
              ],
              [
                73.87848256845366,
                15.749030983336029
              ],
              [
                73.88604170292331,
                15.74979425442426
              ],
              [
                73.89275202556922,
                15.748280542572711
              ],
              [
                73.89909708154251,
                15.744849738744625
              ],
              [
                73.90601683022723,
                15.746194263624805
              ],
              [
                73.90694551485616,
                15.748281200529936
              ],
              [
                73.91476612285386,
                15.744354066643782
              ],
              [
                73.93222954804693,
                15.744245939068774
              ],
              [
                73.93869751241573,
                15.742677183994847
              ],
              [
                73.9430263428529,
                15.725384320783347
              ],
              [
                73.9456874671348,
                15.720332793770424
              ],
              [
                73.95176469849099,
                15.716317928499983
              ],
              [
                73.95053999561974,
                15.711559989072887
              ],
              [
                73.94730337912577,
                15.70951852244424
              ],
              [
                73.94840271311598,
                15.70787252236468
              ],
              [
                73.94995054718143,
                15.708198652660789
              ],
              [
                73.94859570357833,
                15.701979410322421
              ],
              [
                73.94368084908072,
                15.698453224628167
              ],
              [
                73.95135417559267,
                15.69722309916289
              ],
              [
                73.953046234177,
                15.699304390382693
              ],
              [
                73.95931178116278,
                15.699186700948136
              ],
              [
                73.96034742459935,
                15.694815386437263
              ],
              [
                73.96389282798906,
                15.690978880953995
              ],
              [
                73.96284237313007,
                15.673325029344964
              ],
              [
                73.96321919483222,
                15.671053752242347
              ],
              [
                73.96563394896096,
                15.669355217241286
              ],
              [
                73.96777061881369,
                15.659981212148894
              ],
              [
                73.96105355790482,
                15.647650332527794
              ],
              [
                73.96140946143723,
                15.641457298280221
              ],
              [
                73.9672951585001,
                15.634941008108038
              ],
              [
                73.96763194767988,
                15.630211484293076
              ],
              [
                73.97072741458818,
                15.627216194989074
              ],
              [
                73.9789189944589,
                15.626983702921184
              ],
              [
                73.99077593155587,
                15.61148617167201
              ],
              [
                73.99742083528953,
                15.61048635372966
              ],
              [
                74.0031962857108,
                15.611695934159245
              ],
              [
                74.02114671995876,
                15.606134148758692
              ],
              [
                74.02647805857494,
                15.609777132050121
              ],
              [
                74.02774068562253,
                15.616662588892233
              ],
              [
                74.0309576793174,
                15.622693275765332
              ],
              [
                74.0490929733761,
                15.624141504277894
              ],
              [
                74.06712695992864,
                15.629450332352437
              ],
              [
                74.07008169766286,
                15.628305063889199
              ],
              [
                74.0786673217363,
                15.630841826119994
              ],
              [
                74.08590269708934,
                15.636932164149
              ],
              [
                74.09477212591052,
                15.641685844001406
              ],
              [
                74.09828399878396,
                15.64038545696458
              ],
              [
                74.1040160839332,
                15.644995028545706
              ],
              [
                74.10996970620796,
                15.647004010953657
              ],
              [
                74.11308477435576,
                15.646045585892717
              ],
              [
                74.11399164609296,
                15.648550286063347
              ],
              [
                74.1183538327733,
                15.652040596990107
              ],
              [
                74.11100814699832,
                15.657722894603387
              ],
              [
                74.10376386215425,
                15.657637411222845
              ],
              [
                74.09429452491163,
                15.663108013420393
              ],
              [
                74.0883423740773,
                15.669965947284862
              ],
              [
                74.08816365784479,
                15.672502338991011
              ],
              [
                74.09143198037671,
                15.67465908790654
              ],
              [
                74.10267853110271,
                15.672254457009982
              ],
              [
                74.10891503196211,
                15.67272313495294
              ],
              [
                74.12583775220253,
                15.680996462072484
              ],
              [
                74.13078538891982,
                15.68965468970613
              ],
              [
                74.13174302804698,
                15.693567019693102
              ],
              [
                74.13040203287235,
                15.70177477960383
              ],
              [
                74.13219693777692,
                15.702432663035045
              ],
              [
                74.13150113150391,
                15.705897006367394
              ],
              [
                74.12840858861186,
                15.708703908816606
              ],
              [
                74.12625072660326,
                15.707986575627373
              ],
              [
                74.12617134068496,
                15.718489249794741
              ],
              [
                74.12223302766472,
                15.720760050431986
              ],
              [
                74.12588538986205,
                15.724141466171433
              ],
              [
                74.1308269512731,
                15.7233847863847
              ],
              [
                74.1335297349263,
                15.726337037221874
              ],
              [
                74.13402264950584,
                15.729845309168756
              ],
              [
                74.14190780774493,
                15.734357072567194
              ],
              [
                74.1440814199154,
                15.733118142989623
              ],
              [
                74.15104220454063,
                15.73583644311139
              ],
              [
                74.15117267225922,
                15.739895331563645
              ],
              [
                74.15336943491289,
                15.743662462109903
              ],
              [
                74.16162394087094,
                15.751322996141747
              ],
              [
                74.18959257311865,
                15.752150543542752
              ],
              [
                74.20150034767416,
                15.758649100225588
              ],
              [
                74.20538702104032,
                15.767205338726583
              ],
              [
                74.20903439668953,
                15.78129726657468
              ],
              [
                74.21317668656808,
                15.780084524319285
              ],
              [
                74.21597151609689,
                15.783922511010177
              ],
              [
                74.22751108020057,
                15.78835873841029
              ],
              [
                74.23356827732925,
                15.787022572696888
              ],
              [
                74.23464205514794,
                15.778611160840411
              ],
              [
                74.2286473376439,
                15.772132148096313
              ],
              [
                74.22656894060532,
                15.762656800351872
              ],
              [
                74.22804098291196,
                15.756062624257595
              ],
              [
                74.2325002711863,
                15.752242550300165
              ],
              [
                74.2337652796677,
                15.748324716484598
              ],
              [
                74.23658402684093,
                15.748250074222659
              ],
              [
                74.23828624986271,
                15.744089617891152
              ],
              [
                74.24544932071687,
                15.74326515806097
              ],
              [
                74.24930390805768,
                15.74510182000471
              ],
              [
                74.25409163656958,
                15.745178589496057
              ],
              [
                74.25392446189184,
                15.746797930415363
              ],
              [
                74.25560761008688,
                15.746065735810587
              ],
              [
                74.26390859308108,
                15.752988121836156
              ],
              [
                74.2683849655155,
                15.754765028600934
              ],
              [
                74.27366843380851,
                15.749104868793008
              ],
              [
                74.2843234124789,
                15.743686468149935
              ],
              [
                74.28580157321092,
                15.741619766408672
              ],
              [
                74.29618478725334,
                15.74445246554889
              ],
              [
                74.3014131394121,
                15.747670773530144
              ],
              [
                74.30796438659084,
                15.748508959947015
              ],
              [
                74.31040579732732,
                15.751601300773105
              ],
              [
                74.30980861169945,
                15.754923098365435
              ],
              [
                74.3186841158269,
                15.758405824817345
              ],
              [
                74.31905949034311,
                15.76624919586525
              ],
              [
                74.3231354602992,
                15.772704624721298
              ],
              [
                74.33753443291914,
                15.767923272199152
              ],
              [
                74.34075177965194,
                15.764694286673569
              ],
              [
                74.3457498190432,
                15.764583130253182
              ],
              [
                74.35031677220097,
                15.770352998685905
              ],
              [
                74.3584941416222,
                15.774861756551578
              ],
              [
                74.36220090399651,
                15.782391939315923
              ],
              [
                74.36755834495992,
                15.785844763689411
              ],
              [
                74.37194596204762,
                15.797252050785502
              ],
              [
                74.37040844962478,
                15.7987864716797
              ],
              [
                74.37199429410485,
                15.800876064858864
              ],
              [
                74.3708840590587,
                15.80494156548311
              ],
              [
                74.36967932034634,
                15.804659490263175
              ],
              [
                74.36875151337144,
                15.806978897322557
              ],
              [
                74.37036590181965,
                15.810740534731362
              ],
              [
                74.36041346588857,
                15.816887393766208
              ],
              [
                74.36163907605827,
                15.818597510282807
              ],
              [
                74.36542371248623,
                15.81929693517676
              ],
              [
                74.36647738780549,
                15.82578536852107
              ],
              [
                74.37080303371499,
                15.83059402713806
              ],
              [
                74.37239929146587,
                15.830248549464123
              ],
              [
                74.37488900820841,
                15.83315854723232
              ],
              [
                74.3774636849156,
                15.832251885681572
              ],
              [
                74.3766641465835,
                15.833380205701612
              ],
              [
                74.37999474751742,
                15.838293373310188
              ],
              [
                74.38110290655695,
                15.835411427890126
              ],
              [
                74.38080910805171,
                15.836758591869941
              ],
              [
                74.38411871445913,
                15.84014892272706
              ],
              [
                74.38315140406961,
                15.849132113321799
              ],
              [
                74.3682883770452,
                15.850595067755908
              ],
              [
                74.34506865530935,
                15.850466490390545
              ],
              [
                74.33827564992806,
                15.854945948953327
              ],
              [
                74.34667541885746,
                15.858814396928516
              ],
              [
                74.34727235655026,
                15.860200158666494
              ],
              [
                74.34558592501288,
                15.862315332191862
              ],
              [
                74.35093396959839,
                15.865461693818178
              ],
              [
                74.35800215769729,
                15.873188948685751
              ],
              [
                74.36332309741573,
                15.87494753180542
              ],
              [
                74.36519829014715,
                15.882526249232557
              ],
              [
                74.36476195146422,
                15.893888570425379
              ],
              [
                74.36868165318839,
                15.894386389418216
              ],
              [
                74.36616963217566,
                15.89134035702768
              ],
              [
                74.36942517257941,
                15.889873158066708
              ],
              [
                74.37681975006205,
                15.882409029070919
              ],
              [
                74.38010096701154,
                15.876315303743825
              ],
              [
                74.38289939519137,
                15.860071946031901
              ],
              [
                74.38699391086648,
                15.859672430086926
              ],
              [
                74.38820634275096,
                15.854279687140194
              ],
              [
                74.39148078909817,
                15.854791333478188
              ],
              [
                74.39760253916317,
                15.851173380146767
              ],
              [
                74.40241823133152,
                15.852300801143384
              ],
              [
                74.4017005349117,
                15.85463659776887
              ],
              [
                74.40623653302309,
                15.855403537443078
              ],
              [
                74.40643613149271,
                15.864474036733816
              ],
              [
                74.39771605387573,
                15.869997560591024
              ],
              [
                74.3928589341014,
                15.878416479201466
              ],
              [
                74.39680498071793,
                15.880386969678636
              ],
              [
                74.39348460800186,
                15.900062553194074
              ],
              [
                74.38785045987979,
                15.901337229864078
              ],
              [
                74.38693204119792,
                15.905007900983756
              ],
              [
                74.43089731776472,
                15.956608488205992
              ],
              [
                74.43105286285281,
                15.959642369208007
              ],
              [
                74.43613711895176,
                15.96749132376744
              ],
              [
                74.43899825672494,
                15.975710149197525
              ],
              [
                74.43793984818247,
                15.979922784025426
              ],
              [
                74.4440218208467,
                15.986427604761701
              ],
              [
                74.44268075021353,
                15.99165895357855
              ],
              [
                74.4447114619819,
                15.992465964713325
              ],
              [
                74.4464067877389,
                15.997130223117791
              ],
              [
                74.44484986631603,
                16.00306662809638
              ],
              [
                74.44699083640404,
                16.003195790806384
              ],
              [
                74.44802524825032,
                16.006610569388243
              ],
              [
                74.4503317257429,
                16.00856287658742
              ],
              [
                74.45018433915423,
                16.01106753213451
              ],
              [
                74.45543040519208,
                16.01954079916754
              ],
              [
                74.45731034282481,
                16.0269918888999
              ],
              [
                74.46305817005113,
                16.038004590336104
              ],
              [
                74.46325996579992,
                16.039906771989962
              ],
              [
                74.4565714246047,
                16.041075663872213
              ],
              [
                74.46252883866826,
                16.04132695819418
              ],
              [
                74.4633032645966,
                16.04285268942558
              ],
              [
                74.46229003682136,
                16.04985435917597
              ],
              [
                74.45721497857257,
                16.048243228841283
              ],
              [
                74.4501966388871,
                16.054026903921105
              ],
              [
                74.44292559592571,
                16.052822871953552
              ],
              [
                74.4342946195068,
                16.0584912927641
              ],
              [
                74.4297715274911,
                16.059168002496875
              ],
              [
                74.4209859330455,
                16.055613972007585
              ],
              [
                74.41506330264805,
                16.05573024566395
              ],
              [
                74.40559586713889,
                16.051852631209563
              ],
              [
                74.40216305050204,
                16.0461293182396
              ],
              [
                74.38106896101898,
                16.035500020838484
              ],
              [
                74.37807651200916,
                16.037716387808974
              ],
              [
                74.37331779458935,
                16.03648954489767
              ],
              [
                74.36912670822457,
                16.039236591049704
              ],
              [
                74.37464461973875,
                16.046911256075205
              ],
              [
                74.3774131412061,
                16.055136948799596
              ],
              [
                74.372600273341,
                16.056015708860883
              ],
              [
                74.3636311953037,
                16.053048987521287
              ],
              [
                74.36140634951761,
                16.053852330916623
              ],
              [
                74.3715930094809,
                16.068260541644246
              ],
              [
                74.37229671014862,
                16.078226433777623
              ],
              [
                74.38180485101826,
                16.07931975864132
              ],
              [
                74.38370253576778,
                16.082941398750368
              ],
              [
                74.38961410161585,
                16.079803013786293
              ],
              [
                74.39093680170144,
                16.080501051525
              ],
              [
                74.39189360000549,
                16.082549515714035
              ],
              [
                74.39011317235004,
                16.089478492433717
              ],
              [
                74.39836891798319,
                16.092476804999023
              ],
              [
                74.40703417052005,
                16.09352416848834
              ],
              [
                74.41004971072427,
                16.102136253543847
              ],
              [
                74.4276968665458,
                16.11198086477634
              ],
              [
                74.4429746735846,
                16.105354837545036
              ],
              [
                74.45875829770543,
                16.103810958244388
              ],
              [
                74.46113093522037,
                16.099799797636408
              ],
              [
                74.47276569828631,
                16.0930037146137
              ],
              [
                74.47280424589344,
                16.09062019474147
              ],
              [
                74.48163191203706,
                16.08890579301382
              ],
              [
                74.48297626421594,
                16.090127425777876
              ],
              [
                74.48489318548894,
                16.092231069015742
              ],
              [
                74.48517437074926,
                16.0983860092312
              ],
              [
                74.49130762643642,
                16.10432119531925
              ],
              [
                74.49122997336833,
                16.111458010011244
              ],
              [
                74.48518236126371,
                16.14231907625195
              ],
              [
                74.48014902077675,
                16.145007778537806
              ],
              [
                74.47990944458203,
                16.147140539802113
              ],
              [
                74.48844436594425,
                16.157277660841906
              ],
              [
                74.48991351028576,
                16.163430884593932
              ],
              [
                74.48962934711025,
                16.17743107283202
              ],
              [
                74.4938635957278,
                16.1864635284245
              ],
              [
                74.50338906599761,
                16.18808102334605
              ],
              [
                74.50714393495203,
                16.191614550015096
              ],
              [
                74.50591846851279,
                16.201372758065187
              ],
              [
                74.50778286888436,
                16.201638090573926
              ],
              [
                74.50778587464731,
                16.20308309932115
              ],
              [
                74.50133223481407,
                16.205544685742
              ],
              [
                74.49588229612252,
                16.215200764167278
              ],
              [
                74.50297502349999,
                16.22216594412605
              ],
              [
                74.50317920247923,
                16.22542015423777
              ],
              [
                74.49529091001814,
                16.234919032303907
              ],
              [
                74.49042456993574,
                16.23490356520568
              ],
              [
                74.48612174842096,
                16.243131363597993
              ],
              [
                74.48163595894742,
                16.246693972848814
              ],
              [
                74.48055739670154,
                16.250139719976943
              ],
              [
                74.47679178569298,
                16.249443436705874
              ],
              [
                74.46869853900651,
                16.240199598297632
              ],
              [
                74.45617225371663,
                16.24387872134953
              ],
              [
                74.45491322532007,
                16.25340691758083
              ],
              [
                74.43563026431563,
                16.251160606479058
              ],
              [
                74.43668122851936,
                16.254094931827918
              ],
              [
                74.43585011530332,
                16.258848460777827
              ],
              [
                74.42902995744429,
                16.25753983169749
              ],
              [
                74.41768966662003,
                16.25801444210456
              ],
              [
                74.41561104859592,
                16.272428173331708
              ],
              [
                74.41602893588293,
                16.280113705038232
              ],
              [
                74.41447403297451,
                16.282664537935652
              ],
              [
                74.41188693795684,
                16.281668687056193
              ],
              [
                74.40794363030359,
                16.283302668453153
              ],
              [
                74.38268756256589,
                16.277371438758987
              ],
              [
                74.3802899653608,
                16.27116537728066
              ],
              [
                74.38071549551424,
                16.261981642864782
              ],
              [
                74.37308848344342,
                16.261649322115026
              ],
              [
                74.36836370707,
                16.266877131357035
              ],
              [
                74.36344149177691,
                16.285056962229707
              ],
              [
                74.35937719183472,
                16.290597705091848
              ],
              [
                74.3548585087504,
                16.292654042069874
              ],
              [
                74.35116968213907,
                16.292768857063354
              ],
              [
                74.35108799383869,
                16.29180192197222
              ],
              [
                74.3456772917621,
                16.293775623515106
              ],
              [
                74.34317658233542,
                16.290363681916816
              ],
              [
                74.35379042714894,
                16.282835175243736
              ],
              [
                74.35054041318084,
                16.275380109370058
              ],
              [
                74.34386467567339,
                16.27809012485192
              ],
              [
                74.34212639607273,
                16.276521131237143
              ],
              [
                74.34342978237974,
                16.27310182099742
              ],
              [
                74.33851463592964,
                16.27141777726414
              ],
              [
                74.33340757879212,
                16.275984892055952
              ],
              [
                74.33513630930128,
                16.27041318556595
              ],
              [
                74.33423005111342,
                16.26881227556387
              ],
              [
                74.32854201934569,
                16.26888782989565
              ],
              [
                74.32501428132603,
                16.271769614162658
              ],
              [
                74.32465267798315,
                16.277245766919215
              ],
              [
                74.32252870042707,
                16.277920703577994
              ],
              [
                74.32090643465212,
                16.28448862229013
              ],
              [
                74.32321042470964,
                16.286005889323313
              ],
              [
                74.32585605395123,
                16.285599854041454
              ],
              [
                74.32476893255732,
                16.288916466429903
              ],
              [
                74.32804128762655,
                16.29325918536811
              ],
              [
                74.3319223007081,
                16.292446799969927
              ],
              [
                74.33480248725685,
                16.28961878776595
              ],
              [
                74.33696833708498,
                16.290782786779438
              ],
              [
                74.33839307500705,
                16.290026183119462
              ],
              [
                74.3400769292779,
                16.29213888226017
              ],
              [
                74.34209343059676,
                16.291190367684006
              ],
              [
                74.34262864684305,
                16.2980403835765
              ],
              [
                74.34036194764954,
                16.298175549743917
              ],
              [
                74.34050152787842,
                16.30245441271025
              ],
              [
                74.33598817270205,
                16.30710508068012
              ],
              [
                74.33320933857522,
                16.30475636419733
              ],
              [
                74.33199769002167,
                16.305265336563302
              ],
              [
                74.33482515803968,
                16.30904090564241
              ],
              [
                74.33303976090407,
                16.3110737854245
              ],
              [
                74.3332988799478,
                16.313464029978597
              ],
              [
                74.32927084229863,
                16.31222285983213
              ],
              [
                74.32523735636727,
                16.313694809750892
              ],
              [
                74.32469521231353,
                16.31667116936957
              ],
              [
                74.33137430592689,
                16.320679275484878
              ],
              [
                74.32882591931482,
                16.32376012960615
              ],
              [
                74.3274009379493,
                16.32469512908489
              ],
              [
                74.32072187308201,
                16.323764924623745
              ],
              [
                74.31668773227882,
                16.32657413555307
              ],
              [
                74.32258591592412,
                16.3343810897803
              ],
              [
                74.31664505421799,
                16.336200291690478
              ],
              [
                74.31540150559042,
                16.340092373401568
              ],
              [
                74.31887358938492,
                16.342672874992417
              ],
              [
                74.32656016065744,
                16.341434603842348
              ],
              [
                74.32711570218534,
                16.342521870625287
              ],
              [
                74.31772096373885,
                16.353065008619478
              ],
              [
                74.31796693953162,
                16.354970623599865
              ],
              [
                74.32433079814211,
                16.357445120291732
              ],
              [
                74.32484872092085,
                16.359948212486394
              ],
              [
                74.31906330009822,
                16.37164896782091
              ],
              [
                74.32092009263768,
                16.375905619666835
              ],
              [
                74.31727417495418,
                16.38101560022987
              ],
              [
                74.32492206027898,
                16.3783000906643
              ],
              [
                74.32822605401248,
                16.385350581085568
              ],
              [
                74.32757444664813,
                16.391510953269425
              ],
              [
                74.3359507300227,
                16.393753303457245
              ],
              [
                74.34072615161521,
                16.38868001867621
              ],
              [
                74.34129108952096,
                16.3827869403732
              ],
              [
                74.34572236203654,
                16.37690809948458
              ],
              [
                74.34520111099967,
                16.373148710674375
              ],
              [
                74.34737817898903,
                16.368327920465553
              ],
              [
                74.353490757255,
                16.366430893871946
              ],
              [
                74.35365724831483,
                16.381889663672364
              ],
              [
                74.35709065873806,
                16.38345328918732
              ],
              [
                74.35805193783878,
                16.389552993742956
              ],
              [
                74.36298723350068,
                16.395535582785527
              ],
              [
                74.36377531561796,
                16.405102978722034
              ],
              [
                74.34488531454973,
                16.405543686935037
              ],
              [
                74.34296727128095,
                16.40347206743291
              ],
              [
                74.33513577031212,
                16.401419008876736
              ],
              [
                74.32893499275663,
                16.419059023277452
              ],
              [
                74.33137212751232,
                16.424186336609218
              ],
              [
                74.33681767883203,
                16.42881792226801
              ],
              [
                74.3327758062292,
                16.4368617934678
              ],
              [
                74.33631569216645,
                16.445682073435034
              ],
              [
                74.32979340487582,
                16.447210022584642
              ],
              [
                74.33267346296553,
                16.45476966866298
              ],
              [
                74.33134821885105,
                16.455959976118486
              ],
              [
                74.32764718323666,
                16.454856643754734
              ],
              [
                74.32473699385571,
                16.455940271471484
              ],
              [
                74.32052589751797,
                16.453926325722
              ],
              [
                74.31253848764332,
                16.45324619868885
              ],
              [
                74.30648141987204,
                16.455295550548
              ],
              [
                74.29712980235584,
                16.464547622433237
              ],
              [
                74.2920343002478,
                16.461757864380395
              ],
              [
                74.28935781926613,
                16.46298118420872
              ],
              [
                74.28853664321376,
                16.477235776439592
              ],
              [
                74.29226514841122,
                16.48571575085944
              ],
              [
                74.29229904813509,
                16.49948271360312
              ],
              [
                74.29097797759343,
                16.504912200214886
              ],
              [
                74.27974371312554,
                16.504835360994065
              ],
              [
                74.27466377971972,
                16.494035776116185
              ],
              [
                74.27446457920378,
                16.485636880618152
              ],
              [
                74.26085338776552,
                16.48010696915349
              ],
              [
                74.25671501993146,
                16.489547627331316
              ],
              [
                74.24745636187745,
                16.49692331245357
              ],
              [
                74.25259301221539,
                16.500627601989745
              ],
              [
                74.26581303944971,
                16.50111005493513
              ],
              [
                74.27809513749256,
                16.50446542329585
              ],
              [
                74.27618605402043,
                16.52131811231397
              ],
              [
                74.26982912052245,
                16.522182562249554
              ],
              [
                74.26421475240464,
                16.539840065217163
              ],
              [
                74.27062780006514,
                16.547973390966607
              ],
              [
                74.27700526366061,
                16.54542749741656
              ],
              [
                74.28117241441466,
                16.541107281281782
              ],
              [
                74.28083225206096,
                16.531456343017425
              ],
              [
                74.28322158386716,
                16.524599121550654
              ],
              [
                74.28693004136242,
                16.526777444569493
              ],
              [
                74.28917070198905,
                16.532449634922912
              ],
              [
                74.29167901565461,
                16.533892098021653
              ],
              [
                74.30173432665205,
                16.5290299623679
              ],
              [
                74.30269107644706,
                16.526655800455917
              ],
              [
                74.30103934143922,
                16.52317597937206
              ],
              [
                74.3062253721683,
                16.503703081196292
              ],
              [
                74.31520536114304,
                16.504607698364175
              ],
              [
                74.31579639600615,
                16.554464211647026
              ],
              [
                74.31764797382539,
                16.553716752715058
              ],
              [
                74.32525583381437,
                16.556307024061777
              ],
              [
                74.33496280329743,
                16.54788993317407
              ],
              [
                74.33977306335326,
                16.54776710112131
              ],
              [
                74.34454499948247,
                16.551743707327457
              ],
              [
                74.34579771362088,
                16.55501005003473
              ],
              [
                74.35035780544652,
                16.556040945965794
              ],
              [
                74.35520326419017,
                16.55507278982187
              ],
              [
                74.35407166181662,
                16.558930136713858
              ],
              [
                74.35632896014066,
                16.5597569002143
              ],
              [
                74.35916360390117,
                16.55576122809537
              ],
              [
                74.3561907660123,
                16.549765070426844
              ],
              [
                74.35782096570783,
                16.54608837994735
              ],
              [
                74.35800768682786,
                16.538351886716644
              ],
              [
                74.36090526476056,
                16.53893624856651
              ],
              [
                74.37088791103463,
                16.534806223218794
              ],
              [
                74.37650951687868,
                16.529137341053815
              ],
              [
                74.37991433212981,
                16.528602314958977
              ],
              [
                74.38723160598899,
                16.536207130607625
              ],
              [
                74.38866353672155,
                16.550766752449203
              ],
              [
                74.38698403838151,
                16.559947878004035
              ],
              [
                74.39298876311786,
                16.564893071286303
              ],
              [
                74.39129276452265,
                16.56656206785073
              ],
              [
                74.39562196416745,
                16.57218134788357
              ],
              [
                74.39670788900541,
                16.58327688815846
              ],
              [
                74.40876735667305,
                16.583235313706357
              ],
              [
                74.42089264479986,
                16.586131636531793
              ],
              [
                74.42222688015201,
                16.584520952710317
              ],
              [
                74.42642023925448,
                16.595749115966274
              ],
              [
                74.43551964846651,
                16.601069190893853
              ],
              [
                74.46352766016133,
                16.604498982369208
              ],
              [
                74.46679252238278,
                16.606831608134115
              ],
              [
                74.46418400344388,
                16.61510382706631
              ],
              [
                74.46581775867134,
                16.615670402396283
              ],
              [
                74.46589027966421,
                16.62473003233288
              ],
              [
                74.45858266359265,
                16.635574156756665
              ],
              [
                74.45486397069305,
                16.6473041587363
              ],
              [
                74.45842665766882,
                16.648690341160297
              ],
              [
                74.45647951886632,
                16.65505495449654
              ],
              [
                74.46416459803712,
                16.65827863894442
              ],
              [
                74.46882403724497,
                16.663811479508198
              ],
              [
                74.47179366365668,
                16.664063268885215
              ],
              [
                74.47679884914605,
                16.644478572294243
              ],
              [
                74.48911473641995,
                16.630153831111777
              ],
              [
                74.49509447361831,
                16.62976203362631
              ],
              [
                74.50032072821088,
                16.633141032315415
              ],
              [
                74.50392980059468,
                16.633573163375797
              ],
              [
                74.52453470350659,
                16.633436325220757
              ],
              [
                74.54456908189,
                16.63547774531673
              ],
              [
                74.54480969114726,
                16.628989541598166
              ],
              [
                74.54278409169122,
                16.626636511385843
              ],
              [
                74.5435724675576,
                16.59532818096665
              ],
              [
                74.54868735530945,
                16.59415547848774
              ],
              [
                74.55220589278396,
                16.595288709707997
              ],
              [
                74.55885280784554,
                16.59466287451123
              ],
              [
                74.56697356364094,
                16.58539837862152
              ],
              [
                74.56473955503894,
                16.579657559496162
              ],
              [
                74.55609576954241,
                16.57357488993777
              ],
              [
                74.55492545606837,
                16.56452195971978
              ],
              [
                74.55646746545753,
                16.56277844552559
              ],
              [
                74.56072618148848,
                16.562633056746787
              ],
              [
                74.56574261029193,
                16.558443832051694
              ],
              [
                74.56861576482868,
                16.553878924684625
              ],
              [
                74.57389304193273,
                16.55392318171733
              ],
              [
                74.5746741100043,
                16.558952354632247
              ],
              [
                74.58472070644513,
                16.559135449366654
              ],
              [
                74.5841066181169,
                16.562361321714974
              ],
              [
                74.58795650457387,
                16.566112365790858
              ],
              [
                74.59903916845606,
                16.56432045772277
              ],
              [
                74.60203502477579,
                16.56536906002018
              ],
              [
                74.60435838071422,
                16.56899306055285
              ],
              [
                74.60959389693738,
                16.56960141805031
              ],
              [
                74.6171619399997,
                16.575875467889794
              ],
              [
                74.61887701701488,
                16.58408192529981
              ],
              [
                74.62292047065262,
                16.57976388457152
              ],
              [
                74.62871153918344,
                16.57774198130988
              ],
              [
                74.63327277276781,
                16.583224911697652
              ],
              [
                74.63593539813454,
                16.58392467411188
              ],
              [
                74.63330953182924,
                16.59084429351066
              ],
              [
                74.63343171438595,
                16.60036859469719
              ],
              [
                74.63622393880043,
                16.607430146850028
              ],
              [
                74.64009205836271,
                16.610463448750462
              ],
              [
                74.64451103833194,
                16.61030268113233
              ],
              [
                74.65413061341597,
                16.60418164488469
              ],
              [
                74.6600651222364,
                16.602908903932452
              ],
              [
                74.67390873119487,
                16.60921162293154
              ],
              [
                74.68275975712915,
                16.60610778831886
              ],
              [
                74.68705943723538,
                16.606797823400026
              ],
              [
                74.68993781278056,
                16.613152569986852
              ],
              [
                74.68765020889211,
                16.617895027936626
              ],
              [
                74.67668162476276,
                16.62359756270397
              ],
              [
                74.66988327530386,
                16.62940936390487
              ],
              [
                74.65912848122902,
                16.631677100139278
              ],
              [
                74.65355656479656,
                16.638838756198954
              ],
              [
                74.65923901622976,
                16.6473482272915
              ],
              [
                74.66524239079818,
                16.665680501151183
              ],
              [
                74.67958300706069,
                16.666179495516868
              ],
              [
                74.67910164032409,
                16.673104306781116
              ],
              [
                74.68962851923496,
                16.67703455540956
              ],
              [
                74.68894091997042,
                16.681550613362887
              ],
              [
                74.68116405453712,
                16.680917932051415
              ],
              [
                74.68090338230631,
                16.685900498742487
              ],
              [
                74.68947692853077,
                16.68647290621547
              ],
              [
                74.68986262199464,
                16.697271107539493
              ],
              [
                74.68780350729365,
                16.70861215972285
              ],
              [
                74.68862703064383,
                16.71279448124536
              ],
              [
                74.6910979645121,
                16.715549942523104
              ],
              [
                74.70576381043331,
                16.714916940203416
              ],
              [
                74.72725511517204,
                16.71685058546418
              ],
              [
                74.72740247391295,
                16.719096880628356
              ],
              [
                74.730120859506,
                16.718760457944708
              ],
              [
                74.73043279409853,
                16.72014120724712
              ],
              [
                74.73216960495368,
                16.718332475166115
              ],
              [
                74.73705824211974,
                16.723546268038223
              ],
              [
                74.75284201266595,
                16.730865645997895
              ],
              [
                74.75307209097315,
                16.733097142744093
              ],
              [
                74.76042535493588,
                16.741281140495524
              ],
              [
                74.76512918259687,
                16.741869473463897
              ],
              [
                74.76944930207077,
                16.74482235417874
              ],
              [
                74.77204709961673,
                16.750690390179233
              ],
              [
                74.78344285781648,
                16.75132901635005
              ],
              [
                74.79582646279142,
                16.747755166833837
              ],
              [
                74.79882140372789,
                16.75366343358981
              ],
              [
                74.84458924243872,
                16.761823621048194
              ],
              [
                74.84989692751516,
                16.772763640007238
              ],
              [
                74.86575809061804,
                16.76336846729194
              ],
              [
                74.86943515828229,
                16.774073967367904
              ],
              [
                74.8899417001622,
                16.77126555228162
              ],
              [
                74.91951971634371,
                16.772499550153782
              ],
              [
                74.91089241583096,
                16.789550300299272
              ],
              [
                74.91029922231623,
                16.81660016829773
              ],
              [
                74.90880127888502,
                16.82370981022322
              ],
              [
                74.91036914538132,
                16.835149018813592
              ],
              [
                74.9076833111409,
                16.85018077565048
              ],
              [
                74.90431271900715,
                16.85939668740117
              ],
              [
                74.90159212625342,
                16.862557212080663
              ],
              [
                74.911050881342,
                16.864047939174025
              ],
              [
                74.92657327447989,
                16.863545338893562
              ],
              [
                74.92409423870608,
                16.86714148400476
              ],
              [
                74.92549644777912,
                16.867729414764923
              ],
              [
                74.92562446579194,
                16.87203677895853
              ],
              [
                74.93529736936279,
                16.871072103152724
              ],
              [
                74.93599970459128,
                16.879243218737866
              ],
              [
                74.94445809937275,
                16.882707587672662
              ],
              [
                74.94465750380625,
                16.88116341740822
              ],
              [
                74.96043647734881,
                16.880954131580335
              ],
              [
                74.9636544636821,
                16.909717861354604
              ],
              [
                74.96371520237172,
                16.911106300121286
              ],
              [
                74.95891394343504,
                16.90585672660478
              ],
              [
                74.95550659942636,
                16.905213537247562
              ],
              [
                74.95493376443092,
                16.910176357703183
              ],
              [
                74.94443099450567,
                16.91084329019833
              ],
              [
                74.93834276597381,
                16.917298552435472
              ],
              [
                74.93273245913942,
                16.918912020386504
              ],
              [
                74.93429198208334,
                16.92423465040547
              ],
              [
                74.92185239320153,
                16.929867836223547
              ],
              [
                74.923241442854,
                16.93931261544446
              ],
              [
                74.9266178569691,
                16.939330618635175
              ],
              [
                74.93063265704426,
                16.941671069454237
              ],
              [
                74.9317838651488,
                16.944761217490996
              ],
              [
                74.93678754236682,
                16.9442041444505
              ],
              [
                74.94124341794137,
                16.94078449477038
              ],
              [
                74.94767938970963,
                16.939354925088224
              ],
              [
                74.95049393276733,
                16.932953278000365
              ],
              [
                74.95833503403165,
                16.928250326752853
              ],
              [
                74.96462042570037,
                16.926782663565803
              ],
              [
                74.96575192027603,
                16.929864603220857
              ],
              [
                74.96105161760426,
                16.932482183705524
              ],
              [
                74.96023184202541,
                16.937261866302894
              ],
              [
                74.96071254041541,
                16.939957490379268
              ],
              [
                74.96758907564337,
                16.941613711738526
              ],
              [
                74.9644312908072,
                16.947639283613157
              ],
              [
                74.96833359935087,
                16.950164741370276
              ],
              [
                74.99298475235602,
                16.952076488082035
              ],
              [
                75.00042126139951,
                16.94985867273202
              ],
              [
                75.0045713423665,
                16.94627598182623
              ],
              [
                75.0266609376609,
                16.944142537316477
              ],
              [
                75.02484874467868,
                16.93964571887903
              ],
              [
                75.02530995322027,
                16.928008781753192
              ],
              [
                75.02717110887706,
                16.92946106268719
              ],
              [
                75.02650972784237,
                16.931931388129478
              ],
              [
                75.02913640173315,
                16.93149444978055
              ],
              [
                75.03367477499015,
                16.9337242713258
              ],
              [
                75.0358416084735,
                16.932846472037657
              ],
              [
                75.03794578805905,
                16.935712125720514
              ],
              [
                75.04073631196268,
                16.936449888558503
              ],
              [
                75.04146012321465,
                16.94006946637615
              ],
              [
                75.0446141971104,
                16.94173586808943
              ],
              [
                75.06211043506588,
                16.941527834538082
              ],
              [
                75.07266303274334,
                16.946652698248602
              ],
              [
                75.07442686402392,
                16.950021683063614
              ],
              [
                75.07819434801986,
                16.94883203341772
              ],
              [
                75.0851550401186,
                16.951580835204247
              ],
              [
                75.0894080284913,
                16.951588448467632
              ],
              [
                75.09221090602672,
                16.940114342689967
              ],
              [
                75.09187165456474,
                16.926052942066026
              ],
              [
                75.09638247379704,
                16.9137500557103
              ],
              [
                75.10471546735809,
                16.912682504106275
              ],
              [
                75.11755597165626,
                16.913451511713234
              ],
              [
                75.12039620563277,
                16.902537442379113
              ],
              [
                75.1349156055014,
                16.89471104155571
              ],
              [
                75.13253218550811,
                16.889429816155303
              ],
              [
                75.13655613133113,
                16.874495285507077
              ],
              [
                75.15562611884972,
                16.868563226506417
              ],
              [
                75.17664821285432,
                16.867714593241907
              ],
              [
                75.18905951019453,
                16.875287753438705
              ],
              [
                75.18191942992345,
                16.84341021044797
              ],
              [
                75.21427366074444,
                16.841707203123164
              ],
              [
                75.22771094822521,
                16.84318350153
              ],
              [
                75.23773223193795,
                16.867948549828082
              ],
              [
                75.25103083391187,
                16.86450389006529
              ],
              [
                75.26479054112113,
                16.86280763982717
              ],
              [
                75.2730592934613,
                16.869208754402372
              ],
              [
                75.28210063377668,
                16.880298112742548
              ],
              [
                75.29000636163919,
                16.904033151768317
              ],
              [
                75.28297238587787,
                16.909723579448098
              ],
              [
                75.27945384660673,
                16.92333540488387
              ],
              [
                75.27963554344934,
                16.944643864106634
              ],
              [
                75.28107402379864,
                16.95305892388571
              ],
              [
                75.27967408027672,
                16.956563008271107
              ],
              [
                75.31717466144407,
                16.95696147945178
              ],
              [
                75.3256180094445,
                16.955831304829605
              ],
              [
                75.34133832838893,
                16.956151747820908
              ],
              [
                75.35012120722743,
                16.95782325790921
              ],
              [
                75.35860216948547,
                16.962862746463824
              ],
              [
                75.35846030484083,
                16.96490885061901
              ],
              [
                75.36120088600794,
                16.96557419632118
              ],
              [
                75.36861338398218,
                16.9719580083603
              ],
              [
                75.3922049552451,
                16.980097257392547
              ],
              [
                75.41157838468347,
                16.974252340976257
              ],
              [
                75.42794719114328,
                16.966501391259413
              ],
              [
                75.435424450463,
                16.97345700821791
              ],
              [
                75.4416725997767,
                16.982237761257522
              ],
              [
                75.46562105912554,
                16.988371647266792
              ],
              [
                75.46625130095923,
                16.981318429651736
              ],
              [
                75.4689561444494,
                16.979543231744614
              ],
              [
                75.47863339406958,
                16.97858004737694
              ],
              [
                75.48330491651632,
                16.97600141594345
              ],
              [
                75.48923613750281,
                16.959121644658588
              ],
              [
                75.48914572476443,
                16.944429972367253
              ],
              [
                75.50742375842681,
                16.950836669013977
              ],
              [
                75.50796890375193,
                16.949761613878387
              ],
              [
                75.50972912200845,
                16.950257445129697
              ],
              [
                75.52938182599055,
                16.969406840607657
              ],
              [
                75.53924059009539,
                16.965487373754684
              ],
              [
                75.56419959215515,
                16.967918387007973
              ],
              [
                75.56771912316636,
                16.96575300868303
              ],
              [
                75.56615419775429,
                16.98138816330772
              ],
              [
                75.56728638942262,
                17.009052850425885
              ],
              [
                75.57316451278932,
                17.00961304510774
              ],
              [
                75.6069543035366,
                17.004572532388416
              ],
              [
                75.60619692044584,
                16.994369751289124
              ],
              [
                75.60831114409457,
                16.98165361937119
              ],
              [
                75.60792949125288,
                16.971004225053708
              ],
              [
                75.63399801599473,
                16.97026637358688
              ],
              [
                75.63700025574286,
                16.968551697679448
              ],
              [
                75.63827188660457,
                16.957762206021897
              ],
              [
                75.64067294232352,
                16.9553064596402
              ],
              [
                75.64482282655949,
                16.95408624128198
              ],
              [
                75.64674295122478,
                16.95469381015863
              ],
              [
                75.64899913653618,
                16.95899935782819
              ],
              [
                75.65546414814261,
                16.961533309463498
              ],
              [
                75.67038636695767,
                16.962059357375825
              ],
              [
                75.67519932195938,
                16.965553132521357
              ],
              [
                75.677147518079,
                16.969010009414102
              ],
              [
                75.67261746322153,
                16.970136051900983
              ],
              [
                75.67190288575236,
                16.975932741364886
              ],
              [
                75.6688873563279,
                16.979839154357915
              ],
              [
                75.66614078878774,
                16.979778756572752
              ],
              [
                75.66578933550925,
                16.993755167473097
              ],
              [
                75.66729914388874,
                17.00576660069888
              ],
              [
                75.66915477221158,
                17.009572678936834
              ],
              [
                75.66831544300398,
                17.01502599671124
              ],
              [
                75.66976010376241,
                17.038166691912593
              ],
              [
                75.65006032446614,
                17.03224452906829
              ],
              [
                75.64106500394442,
                17.037587810788764
              ],
              [
                75.65037383829694,
                17.05726114216622
              ],
              [
                75.65450942404856,
                17.05900870579203
              ],
              [
                75.66046175724087,
                17.06450872096229
              ],
              [
                75.67678162617892,
                17.065421945219992
              ],
              [
                75.67880473101343,
                17.07715681276559
              ],
              [
                75.67343211930155,
                17.091204400933467
              ],
              [
                75.67585256066432,
                17.095297061204963
              ],
              [
                75.67241056953348,
                17.10140836714523
              ],
              [
                75.67235543722956,
                17.11600126676585
              ],
              [
                75.65041406575367,
                17.115697723908784
              ],
              [
                75.6495989317699,
                17.134381627316674
              ],
              [
                75.64763719534405,
                17.13451285944616
              ],
              [
                75.6452700115012,
                17.144219810592737
              ],
              [
                75.62832780949722,
                17.162698859996805
              ],
              [
                75.6254445956259,
                17.174004921454
              ],
              [
                75.62730104680556,
                17.183165779232585
              ],
              [
                75.62893200288258,
                17.18340663570985
              ],
              [
                75.62850258841382,
                17.18866235285608
              ],
              [
                75.63999812428882,
                17.188869519841464
              ],
              [
                75.63991526278868,
                17.19432412115875
              ],
              [
                75.64265942014895,
                17.19765245427547
              ],
              [
                75.65545809080264,
                17.20553732191433
              ],
              [
                75.66197949864262,
                17.21458173920192
              ],
              [
                75.65862496838615,
                17.238673801728517
              ],
              [
                75.65778441567312,
                17.263211275751605
              ],
              [
                75.65423711504151,
                17.273818586834313
              ],
              [
                75.62791785972404,
                17.274342940970524
              ],
              [
                75.6302881813822,
                17.280842634690973
              ],
              [
                75.6255418005262,
                17.28532288234506
              ],
              [
                75.6224768152521,
                17.29510628825075
              ],
              [
                75.60380390554698,
                17.305506266632346
              ],
              [
                75.61215717677896,
                17.325138972917024
              ],
              [
                75.61241903298934,
                17.33689212364591
              ],
              [
                75.61063862240186,
                17.33687672373031
              ],
              [
                75.61009501499251,
                17.345042745726683
              ],
              [
                75.59520656744226,
                17.34621566106998
              ],
              [
                75.58635851762652,
                17.350592344295798
              ],
              [
                75.58091571964314,
                17.351225307128008
              ],
              [
                75.57724824059622,
                17.375909068749692
              ],
              [
                75.57421335247741,
                17.383301038239985
              ],
              [
                75.59367508720652,
                17.387303494827602
              ],
              [
                75.60114549507557,
                17.39030895293404
              ],
              [
                75.60619314392838,
                17.39448036123987
              ],
              [
                75.6135865311433,
                17.39191699853085
              ],
              [
                75.6121507825708,
                17.407402090505844
              ],
              [
                75.60667166120888,
                17.42037387612101
              ],
              [
                75.60964742580896,
                17.423738033737322
              ],
              [
                75.613423697125,
                17.424743307538378
              ],
              [
                75.61551726850536,
                17.438847318911918
              ],
              [
                75.62065645209238,
                17.452487389917003
              ],
              [
                75.62168315729183,
                17.459247261061474
              ],
              [
                75.62767730167074,
                17.462767710629077
              ],
              [
                75.6283042700435,
                17.467172746494423
              ],
              [
                75.63305039308301,
                17.477215271676645
              ],
              [
                75.64885993719301,
                17.470328019065384
              ],
              [
                75.6589077652241,
                17.458059053732487
              ],
              [
                75.66902366040092,
                17.45859589336543
              ],
              [
                75.67594575279021,
                17.455944340166596
              ],
              [
                75.67856785245955,
                17.45109000139108
              ],
              [
                75.67816407770565,
                17.434057237259285
              ],
              [
                75.68356535375996,
                17.41692547102056
              ],
              [
                75.69079862525861,
                17.409475372545643
              ],
              [
                75.7045681303927,
                17.407477911812723
              ],
              [
                75.71250953035506,
                17.40793573537577
              ],
              [
                75.72004908155155,
                17.411519840953403
              ],
              [
                75.72814041302982,
                17.419420372170233
              ],
              [
                75.73366340541523,
                17.42009475617148
              ],
              [
                75.7531609784326,
                17.407134624605117
              ],
              [
                75.76593560118616,
                17.405306168151487
              ],
              [
                75.76797169206641,
                17.402356364060477
              ],
              [
                75.76911954047186,
                17.393763405720748
              ],
              [
                75.77210236133847,
                17.385746972093216
              ],
              [
                75.78034793804261,
                17.375639559235157
              ],
              [
                75.79300780640847,
                17.369699885051137
              ],
              [
                75.80615111661923,
                17.368024656299443
              ],
              [
                75.81055721654393,
                17.3696558523756
              ],
              [
                75.81372712144993,
                17.372762476167324
              ],
              [
                75.81516916451764,
                17.378473434995513
              ],
              [
                75.81364244535294,
                17.395722386155434
              ],
              [
                75.81838820008315,
                17.40661932442682
              ],
              [
                75.81904505450713,
                17.418099040944526
              ],
              [
                75.821507978098,
                17.42122452888658
              ],
              [
                75.83033001360143,
                17.421813618164432
              ],
              [
                75.8511508283885,
                17.41052735175348
              ],
              [
                75.8541236896336,
                17.40449523019949
              ],
              [
                75.85648007752333,
                17.38943414189672
              ],
              [
                75.85840155235651,
                17.386530828814035
              ],
              [
                75.8609445167375,
                17.385597383463313
              ],
              [
                75.87526917173405,
                17.398088241553367
              ],
              [
                75.87458892607837,
                17.412364270041824
              ],
              [
                75.87657251222691,
                17.41614541828348
              ],
              [
                75.87854369892962,
                17.41812945169341
              ],
              [
                75.88425477158607,
                17.4179616328097
              ],
              [
                75.89196377109624,
                17.407554283393385
              ],
              [
                75.89413010242134,
                17.401198039528854
              ],
              [
                75.89530255029251,
                17.378181413700798
              ],
              [
                75.89024419891139,
                17.361176347638985
              ],
              [
                75.89064751103295,
                17.35652512177732
              ],
              [
                75.89456782540815,
                17.35083338852825
              ],
              [
                75.91014277807498,
                17.34452165950126
              ],
              [
                75.92516206973796,
                17.32574947582136
              ],
              [
                75.93088413687519,
                17.32257606986049
              ],
              [
                75.9340097144135,
                17.322743400732154
              ],
              [
                75.94863826677567,
                17.329732394711606
              ],
              [
                75.96877140324648,
                17.336471104974468
              ],
              [
                75.98396739891575,
                17.336219949869744
              ],
              [
                75.9983361737691,
                17.337971422213478
              ],
              [
                76.01025453317361,
                17.352387755707998
              ],
              [
                76.01439609092522,
                17.35353636491916
              ],
              [
                76.02859529349733,
                17.351140043568645
              ],
              [
                76.03781392172395,
                17.35188445724019
              ],
              [
                76.05283758908071,
                17.355796710033218
              ],
              [
                76.0605982507029,
                17.355310881382724
              ],
              [
                76.06469605960186,
                17.35121776939879
              ],
              [
                76.07219877627838,
                17.335318154521143
              ],
              [
                76.07346603503959,
                17.336513580671863
              ],
              [
                76.07919254973577,
                17.331605893590375
              ],
              [
                76.08755905135526,
                17.336511612696007
              ],
              [
                76.08818149671058,
                17.342169094165516
              ],
              [
                76.09353303664084,
                17.349354285069712
              ],
              [
                76.0894412689122,
                17.35313625510384
              ],
              [
                76.09980229277045,
                17.36465376105048
              ],
              [
                76.113051043636,
                17.367525123430404
              ],
              [
                76.11901562625553,
                17.37050734122461
              ],
              [
                76.13306394958919,
                17.358322214765206
              ],
              [
                76.1411133782527,
                17.353493883731403
              ],
              [
                76.16267921531224,
                17.345223538045
              ],
              [
                76.16514031981467,
                17.30333892720007
              ],
              [
                76.17637572604127,
                17.30079147303118
              ],
              [
                76.18113034175347,
                17.309057614002878
              ],
              [
                76.18330896831986,
                17.31943846730611
              ],
              [
                76.17931717948908,
                17.31857822895605
              ],
              [
                76.17663973461507,
                17.324618658591117
              ],
              [
                76.17270085745282,
                17.336290632457576
              ],
              [
                76.17037609834587,
                17.352618526420436
              ],
              [
                76.18048519417431,
                17.358390640724277
              ],
              [
                76.19645298101318,
                17.363669917192727
              ],
              [
                76.21241838102836,
                17.361990535853447
              ],
              [
                76.22950539954098,
                17.36520865109754
              ],
              [
                76.22859107987175,
                17.375846773183518
              ],
              [
                76.24285337471957,
                17.378827670667885
              ],
              [
                76.24418550801394,
                17.378788675157452
              ],
              [
                76.24464203902785,
                17.371542526303436
              ],
              [
                76.25048822728618,
                17.36968405750075
              ],
              [
                76.24911388485157,
                17.366592005575484
              ],
              [
                76.25078768427942,
                17.360436172928395
              ],
              [
                76.265102646454,
                17.361709667761453
              ],
              [
                76.26708108525597,
                17.3634785166992
              ],
              [
                76.27010061667498,
                17.360513804790987
              ],
              [
                76.27206896919293,
                17.360595293175454
              ],
              [
                76.27641995208504,
                17.334577932048074
              ],
              [
                76.31772228528148,
                17.332379512360674
              ],
              [
                76.31891610317493,
                17.338145290341778
              ],
              [
                76.31208728196327,
                17.346018013754264
              ],
              [
                76.31440319715621,
                17.348393491393455
              ],
              [
                76.32926234615351,
                17.350810533493608
              ],
              [
                76.33808968351373,
                17.354116068166086
              ],
              [
                76.34535788779885,
                17.354451739737204
              ],
              [
                76.34708362242654,
                17.344201775497762
              ],
              [
                76.35434405718279,
                17.324404957606784
              ],
              [
                76.35406980242486,
                17.31432058967336
              ],
              [
                76.38321760014541,
                17.314529891706837
              ],
              [
                76.3851570664371,
                17.3237652261241
              ],
              [
                76.39666555242523,
                17.34710772646865
              ],
              [
                76.40321731793192,
                17.349975483771864
              ],
              [
                76.41224623993682,
                17.351071506866273
              ],
              [
                76.40917836837573,
                17.371391261964355
              ],
              [
                76.38303674592254,
                17.373970534445306
              ],
              [
                76.36348513564754,
                17.377671421879462
              ],
              [
                76.37112906209686,
                17.413434998106812
              ],
              [
                76.37006310590938,
                17.416940055074672
              ],
              [
                76.37156943511377,
                17.436426266859886
              ],
              [
                76.35354289649327,
                17.437303602258428
              ],
              [
                76.33332206828108,
                17.433903631758852
              ],
              [
                76.33349066678855,
                17.455485105672153
              ],
              [
                76.33100988738474,
                17.45566823111001
              ],
              [
                76.33074728647098,
                17.470195741001763
              ],
              [
                76.33327331491397,
                17.471764321359743
              ],
              [
                76.35042102809874,
                17.47417715791409
              ],
              [
                76.36830363325454,
                17.48320329703803
              ],
              [
                76.37557562034533,
                17.490221865790037
              ],
              [
                76.37474800966058,
                17.495651651978072
              ],
              [
                76.36236568747981,
                17.495918919468863
              ],
              [
                76.34582454911423,
                17.492531750970485
              ],
              [
                76.34338912654746,
                17.500657938652125
              ],
              [
                76.34663200429893,
                17.512581087073873
              ],
              [
                76.36465960113486,
                17.514970879857923
              ],
              [
                76.36727903101115,
                17.519454525771295
              ],
              [
                76.36280052777289,
                17.537373984839938
              ],
              [
                76.3488128622805,
                17.53942818477741
              ],
              [
                76.34075304819396,
                17.542475862610416
              ],
              [
                76.33859278948017,
                17.55680491157618
              ],
              [
                76.33509052229209,
                17.565181618920334
              ],
              [
                76.33318782673996,
                17.564987824832265
              ],
              [
                76.33134774466141,
                17.5974191763816
              ],
              [
                76.33162353104692,
                17.59597811045224
              ],
              [
                76.33680421410511,
                17.59730184570963
              ],
              [
                76.35009138142377,
                17.59410025611666
              ],
              [
                76.37769851992306,
                17.597874018683918
              ],
              [
                76.3817610977949,
                17.602249875935406
              ],
              [
                76.39192360385684,
                17.600647403714817
              ],
              [
                76.39311402522021,
                17.603146484090367
              ],
              [
                76.41974485310915,
                17.603710737091728
              ],
              [
                76.41934805287511,
                17.606231451551203
              ],
              [
                76.42684955682604,
                17.625815072743624
              ],
              [
                76.42855191369678,
                17.633794243990604
              ],
              [
                76.42730094678159,
                17.63958564909561
              ],
              [
                76.42925153062322,
                17.644953575490902
              ],
              [
                76.43545022229063,
                17.64626155284653
              ],
              [
                76.44506457636622,
                17.64095154099677
              ],
              [
                76.4418954314349,
                17.64930862506493
              ],
              [
                76.45454268296263,
                17.649786497262337
              ],
              [
                76.45292020788021,
                17.65579030316224
              ],
              [
                76.45897496248965,
                17.65812296313277
              ],
              [
                76.48673098956073,
                17.658411888548518
              ],
              [
                76.48980813353221,
                17.66049929057734
              ],
              [
                76.48507587149751,
                17.67097587597988
              ],
              [
                76.48454734320855,
                17.67851164567144
              ],
              [
                76.48728762613499,
                17.71476304336041
              ],
              [
                76.50074822040578,
                17.718417986343393
              ],
              [
                76.51178613650873,
                17.717972946029377
              ],
              [
                76.52396159015429,
                17.715151537238143
              ],
              [
                76.52741835407996,
                17.73784287621047
              ],
              [
                76.52333558208055,
                17.75979622685629
              ],
              [
                76.53074735691102,
                17.758259302339457
              ],
              [
                76.56132176464273,
                17.764618126069777
              ],
              [
                76.5727922500977,
                17.760525752866126
              ],
              [
                76.56401640506787,
                17.750832524512433
              ],
              [
                76.56786039947488,
                17.74247564728291
              ],
              [
                76.5703540634148,
                17.705405332031578
              ],
              [
                76.58208139876906,
                17.705681686448163
              ],
              [
                76.58832654142151,
                17.708143027900224
              ],
              [
                76.58922766933078,
                17.71354162388229
              ],
              [
                76.59348857725101,
                17.722379941983057
              ],
              [
                76.60047513184679,
                17.7256530987691
              ],
              [
                76.60027341874301,
                17.735673194923084
              ],
              [
                76.60535450199238,
                17.75864403090256
              ],
              [
                76.60702303549604,
                17.759358508111315
              ],
              [
                76.61109796071146,
                17.76936298866225
              ],
              [
                76.61538970330383,
                17.77039541446388
              ],
              [
                76.62248903779027,
                17.76049716542979
              ],
              [
                76.63194321147093,
                17.754640556007207
              ],
              [
                76.62815564204354,
                17.750648467869322
              ],
              [
                76.63331735627618,
                17.72821963602507
              ],
              [
                76.6528498710632,
                17.72213257993496
              ],
              [
                76.65565647121716,
                17.717853861851722
              ],
              [
                76.65978644339653,
                17.708284368048382
              ],
              [
                76.66424582150239,
                17.687560216355237
              ],
              [
                76.67081909716859,
                17.690527089657895
              ],
              [
                76.67497835891778,
                17.689993078314153
              ],
              [
                76.67978007150371,
                17.68635272141795
              ],
              [
                76.68441301310564,
                17.685888442372402
              ],
              [
                76.68743208368892,
                17.680050389585674
              ],
              [
                76.69089645095517,
                17.68100491411407
              ],
              [
                76.69088424464708,
                17.68574708202701
              ],
              [
                76.69423415037646,
                17.695680261532466
              ],
              [
                76.69219754835478,
                17.70077912280668
              ],
              [
                76.69259650634216,
                17.706723416903785
              ],
              [
                76.7013640482438,
                17.70907056347716
              ],
              [
                76.70370452607156,
                17.715620043149936
              ],
              [
                76.7043842192633,
                17.723012973042913
              ],
              [
                76.69970280546698,
                17.727248666911365
              ],
              [
                76.70916621562536,
                17.731699606360145
              ],
              [
                76.72832736238232,
                17.7375602252923
              ],
              [
                76.72409250650364,
                17.74795746152917
              ],
              [
                76.72486402099213,
                17.75110158636947
              ],
              [
                76.71884387487732,
                17.751478769874513
              ],
              [
                76.71845792269868,
                17.75594264153243
              ],
              [
                76.72112898324595,
                17.76949699970231
              ],
              [
                76.7119690230922,
                17.773266342629427
              ],
              [
                76.71414854707557,
                17.780938966971505
              ],
              [
                76.72099729381854,
                17.78805645541399
              ],
              [
                76.73022076126959,
                17.783844451162366
              ],
              [
                76.72992690976376,
                17.78274247818883
              ],
              [
                76.74070254295657,
                17.77946333903418
              ],
              [
                76.74439397468224,
                17.78033898239042
              ],
              [
                76.74258186344673,
                17.78422289316478
              ],
              [
                76.75079300503107,
                17.784548985580216
              ],
              [
                76.75096738958727,
                17.787051950141482
              ],
              [
                76.76209500067472,
                17.787015961114392
              ],
              [
                76.76215601065556,
                17.78878063551953
              ],
              [
                76.76452002793701,
                17.78896230322064
              ],
              [
                76.76595869154264,
                17.792236997224627
              ],
              [
                76.76656645123967,
                17.79846750035941
              ],
              [
                76.77550038358984,
                17.798293086895967
              ],
              [
                76.77878398287147,
                17.800479110364915
              ],
              [
                76.7826472209885,
                17.806636733835788
              ],
              [
                76.78156583713428,
                17.809389660615444
              ],
              [
                76.7829196943872,
                17.817915684778775
              ],
              [
                76.79045015732795,
                17.826332607914768
              ],
              [
                76.78705550202268,
                17.833197835138744
              ],
              [
                76.7793631240402,
                17.836279604192317
              ],
              [
                76.7742774270435,
                17.841971420839485
              ],
              [
                76.77413111843317,
                17.846380461315587
              ],
              [
                76.76755662195656,
                17.852125523757678
              ],
              [
                76.76565368296096,
                17.85127743256683
              ],
              [
                76.7592800228324,
                17.85588155516921
              ],
              [
                76.7515514274726,
                17.858128754317583
              ],
              [
                76.73853967373859,
                17.85667967296103
              ],
              [
                76.73890039313923,
                17.883102375846065
              ],
              [
                76.7413043818576,
                17.895396279746457
              ],
              [
                76.74002992579433,
                17.89969872048157
              ],
              [
                76.757189639573,
                17.89916450958969
              ],
              [
                76.76821839824993,
                17.901149714488092
              ],
              [
                76.77363230282053,
                17.890456927972096
              ],
              [
                76.77510685502007,
                17.8777108002251
              ],
              [
                76.78845077520346,
                17.87578378344929
              ],
              [
                76.79883715580725,
                17.871537059422497
              ],
              [
                76.80672608607222,
                17.870573232467258
              ],
              [
                76.80825036181933,
                17.870975774049516
              ],
              [
                76.80773229351352,
                17.878020796612883
              ],
              [
                76.81027250545651,
                17.887039153574843
              ],
              [
                76.83125810899594,
                17.885613534777637
              ],
              [
                76.8319768878857,
                17.89525408156883
              ],
              [
                76.83978138010724,
                17.899371922558444
              ],
              [
                76.85270116971236,
                17.900720334739642
              ],
              [
                76.87272052646756,
                17.89807446234068
              ],
              [
                76.87922285858248,
                17.894516737968836
              ],
              [
                76.88144169553763,
                17.895556188659796
              ],
              [
                76.88432369847992,
                17.894290703908947
              ],
              [
                76.884041363376,
                17.898979386247184
              ],
              [
                76.88854944723826,
                17.897938716090458
              ],
              [
                76.894242821287,
                17.899824457859648
              ],
              [
                76.89509905678825,
                17.902745939761743
              ],
              [
                76.89389483999706,
                17.90607004839724
              ],
              [
                76.89660992517979,
                17.90574700369095
              ],
              [
                76.89694101005752,
                17.91036835121757
              ],
              [
                76.89904526689818,
                17.909064942626685
              ],
              [
                76.90132043630648,
                17.917239844971835
              ],
              [
                76.9147915237981,
                17.91480467574494
              ],
              [
                76.9190366114879,
                17.91595136819251
              ],
              [
                76.92072395661191,
                17.941568130352966
              ],
              [
                76.91734144922427,
                17.94805606254056
              ],
              [
                76.91836048550617,
                17.956013448790934
              ],
              [
                76.91544146748257,
                17.957107348174226
              ],
              [
                76.91449603107024,
                17.96156185327275
              ],
              [
                76.9123140295333,
                17.978048954803896
              ],
              [
                76.91372164287114,
                17.993218587352565
              ],
              [
                76.91319606015799,
                17.99688696755649
              ],
              [
                76.90676385682235,
                17.996591025125433
              ],
              [
                76.90813069922267,
                17.999512449484158
              ],
              [
                76.90608961640437,
                18.002314775279125
              ],
              [
                76.90570041501933,
                18.009706069758323
              ],
              [
                76.90768819989349,
                18.01421599987403
              ],
              [
                76.91099997034247,
                18.014954442827197
              ],
              [
                76.91235189352254,
                18.017335609515477
              ],
              [
                76.91437200247559,
                18.03535733684645
              ],
              [
                76.92433969898673,
                18.03695823433485
              ],
              [
                76.936674432017,
                18.03685407774567
              ],
              [
                76.95236137495533,
                18.04021542787541
              ],
              [
                76.95274300354252,
                18.043934690870017
              ],
              [
                76.94841849939172,
                18.044401032002074
              ],
              [
                76.94495741367122,
                18.048357128477363
              ],
              [
                76.95111206183856,
                18.057755545286113
              ],
              [
                76.95167686589535,
                18.06104904367461
              ],
              [
                76.95149968937523,
                18.06565724127947
              ],
              [
                76.948369362444,
                18.071631942496587
              ],
              [
                76.9452705744641,
                18.083196433872235
              ],
              [
                76.9629979687051,
                18.089567365045593
              ],
              [
                76.96499098267253,
                18.091726747281932
              ],
              [
                76.9664063089454,
                18.098196682449682
              ],
              [
                76.95877373630296,
                18.104114586399273
              ],
              [
                76.95667437707722,
                18.10883112986902
              ],
              [
                76.95433087731685,
                18.11053969518339
              ],
              [
                76.9377975776504,
                18.114900920059068
              ],
              [
                76.93297849434184,
                18.11282917649713
              ],
              [
                76.92491308644605,
                18.11630283966225
              ],
              [
                76.9217695740431,
                18.115541722582655
              ],
              [
                76.92055703795405,
                18.11817804525277
              ],
              [
                76.92030680055356,
                18.12506873762258
              ],
              [
                76.93185279839132,
                18.133521267402408
              ],
              [
                76.93144210750803,
                18.135622756182403
              ],
              [
                76.92453263285523,
                18.142734811805948
              ],
              [
                76.92402085904459,
                18.146628293059123
              ],
              [
                76.93153421177412,
                18.159648173137764
              ],
              [
                76.94241872796589,
                18.15640717959083
              ],
              [
                76.94614217475,
                18.16662399534939
              ],
              [
                76.94773681912656,
                18.16640124149646
              ],
              [
                76.94850772276071,
                18.168754807658374
              ],
              [
                76.95199218893312,
                18.188093787156273
              ],
              [
                76.96585705382788,
                18.190061808070563
              ],
              [
                76.97747633712483,
                18.188863399971527
              ],
              [
                76.97845615296141,
                18.191978192320672
              ],
              [
                76.99066627618704,
                18.189982263902003
              ],
              [
                76.99061666942043,
                18.185758474126477
              ],
              [
                76.99407122708377,
                18.180536458956226
              ],
              [
                76.993259161745,
                18.175804277542785
              ],
              [
                76.9964646938352,
                18.166191899031112
              ],
              [
                77.00184585122041,
                18.16234265916936
              ],
              [
                77.00117076009786,
                18.160894272561208
              ],
              [
                77.02336030823896,
                18.15850439342
              ],
              [
                77.0257054393399,
                18.161748140910895
              ],
              [
                77.02314020123141,
                18.175647583871612
              ],
              [
                77.03178676701376,
                18.177427716613007
              ],
              [
                77.03323418380349,
                18.181987394899473
              ],
              [
                77.05203340292574,
                18.173224089922055
              ],
              [
                77.05325790277773,
                18.159446645572412
              ],
              [
                77.05870225394824,
                18.156602969438577
              ],
              [
                77.06401365625331,
                18.150647089776275
              ],
              [
                77.08490055740093,
                18.15078379885018
              ],
              [
                77.0913773090898,
                18.155832608320342
              ],
              [
                77.09953228171435,
                18.158188223800025
              ],
              [
                77.10329258906948,
                18.15782419078291
              ],
              [
                77.10695522529873,
                18.155151951412286
              ],
              [
                77.11159808699632,
                18.1558284777961
              ],
              [
                77.11677782233191,
                18.166176657369874
              ],
              [
                77.11639305772604,
                18.17101134426431
              ],
              [
                77.09917762414524,
                18.191984952210372
              ],
              [
                77.09765435540956,
                18.19671808052649
              ],
              [
                77.11134600894785,
                18.204237802364062
              ],
              [
                77.12733041731441,
                18.207664837802554
              ],
              [
                77.1337904253047,
                18.205859363893723
              ],
              [
                77.13469815313638,
                18.207202519752244
              ],
              [
                77.14019278031839,
                18.20771287810176
              ],
              [
                77.14275373975116,
                18.21703499684188
              ],
              [
                77.1515769754038,
                18.21703921465899
              ],
              [
                77.15076462080754,
                18.222155160477428
              ],
              [
                77.14928687599549,
                18.221392264895442
              ],
              [
                77.14868784432973,
                18.239039707069445
              ],
              [
                77.15182044040537,
                18.238017060101015
              ],
              [
                77.15918908172912,
                18.255783774582035
              ],
              [
                77.16980453093373,
                18.26086508363454
              ],
              [
                77.17046089936915,
                18.264300213040283
              ],
              [
                77.16908602603016,
                18.265827184494686
              ],
              [
                77.17078304421315,
                18.27669381016679
              ],
              [
                77.17486727777155,
                18.284855365674105
              ],
              [
                77.18826872696405,
                18.284735771546554
              ],
              [
                77.19546058163651,
                18.2798045144487
              ],
              [
                77.1975283947244,
                18.27660353309128
              ],
              [
                77.20382219103095,
                18.280049772415794
              ],
              [
                77.2130680930079,
                18.280313971317227
              ],
              [
                77.20940988457473,
                18.287717247962963
              ],
              [
                77.20990776953273,
                18.29496075651646
              ],
              [
                77.2056053558531,
                18.29409122037267
              ],
              [
                77.20298114873607,
                18.297727926064244
              ],
              [
                77.20316370706307,
                18.3054151947793
              ],
              [
                77.19876781469495,
                18.315445435294922
              ],
              [
                77.20172328814938,
                18.322158420350338
              ],
              [
                77.21184912498146,
                18.31627391347931
              ],
              [
                77.21483118138175,
                18.32323258512971
              ],
              [
                77.21912234006922,
                18.325723652899445
              ],
              [
                77.22282092238453,
                18.339739637792906
              ],
              [
                77.22964010916479,
                18.34820146631984
              ],
              [
                77.22014644105268,
                18.349266354574333
              ],
              [
                77.22453977142558,
                18.355967336551483
              ],
              [
                77.22588637298595,
                18.365212677621336
              ],
              [
                77.23404387257142,
                18.369795989137003
              ],
              [
                77.246446244251,
                18.370758281530737
              ],
              [
                77.2484798863238,
                18.376048879018573
              ],
              [
                77.2395151417594,
                18.378599466899203
              ],
              [
                77.23374073518045,
                18.388193055029326
              ],
              [
                77.23481864165619,
                18.39675646394028
              ],
              [
                77.24182368268221,
                18.412599321358357
              ],
              [
                77.25942412790556,
                18.413253369778843
              ],
              [
                77.26571051939919,
                18.422335265071556
              ],
              [
                77.27330169587674,
                18.42301500328479
              ],
              [
                77.27909330968491,
                18.429789964312214
              ],
              [
                77.28722911585457,
                18.430566453284303
              ],
              [
                77.30037535726811,
                18.43637735219549
              ],
              [
                77.30071218238052,
                18.43817288372513
              ],
              [
                77.31502012332287,
                18.442743529916825
              ],
              [
                77.31690652613071,
                18.44224495390209
              ],
              [
                77.31693294019333,
                18.447977706733614
              ],
              [
                77.31994013594687,
                18.45801896627803
              ],
              [
                77.32647005622245,
                18.458838418279793
              ],
              [
                77.32695022011485,
                18.45174162551881
              ],
              [
                77.33608650606759,
                18.450146806975425
              ],
              [
                77.33571208646055,
                18.442308839307657
              ],
              [
                77.34527272397708,
                18.433603125002094
              ],
              [
                77.34755872796603,
                18.433951285170643
              ],
              [
                77.34801218674164,
                18.439462823582595
              ],
              [
                77.35112856553145,
                18.442196402614144
              ],
              [
                77.3535395656006,
                18.447658453622502
              ],
              [
                77.36569022304937,
                18.45155595492161
              ],
              [
                77.3675530971833,
                18.44694814713059
              ],
              [
                77.3618926850173,
                18.43727117885616
              ],
              [
                77.36208224122032,
                18.43557040493962
              ],
              [
                77.36451277785028,
                18.434511196440837
              ],
              [
                77.36220338173133,
                18.429880531223272
              ],
              [
                77.36545752525481,
                18.427710010982025
              ],
              [
                77.36731811946454,
                18.41868641361767
              ],
              [
                77.37069949228002,
                18.418783604460646
              ],
              [
                77.36844233858474,
                18.412517678597183
              ],
              [
                77.37238473983784,
                18.40671955593735
              ],
              [
                77.37288648395833,
                18.401095150939334
              ],
              [
                77.38848378491278,
                18.399527383855432
              ],
              [
                77.39225291462233,
                18.39971681171405
              ],
              [
                77.39295353137368,
                18.401322081089717
              ],
              [
                77.39562017849794,
                18.401982043547136
              ],
              [
                77.40021752345842,
                18.40199059632798
              ],
              [
                77.40088454142149,
                18.399869548220458
              ],
              [
                77.40362674045443,
                18.399638808522923
              ],
              [
                77.41414725839478,
                18.393100107710712
              ],
              [
                77.41333999544952,
                18.38506254513587
              ],
              [
                77.40988882712973,
                18.377404167489782
              ],
              [
                77.39492280466479,
                18.368447489392985
              ],
              [
                77.39898177310579,
                18.35977864008362
              ],
              [
                77.40020123161243,
                18.347439518163796
              ],
              [
                77.39439271510382,
                18.347422129227322
              ],
              [
                77.39503333337733,
                18.341494594639922
              ],
              [
                77.3902128397138,
                18.343702393069307
              ],
              [
                77.38553894840963,
                18.340804681370663
              ],
              [
                77.38421211517544,
                18.342460391508265
              ],
              [
                77.38248071756819,
                18.34224588328576
              ],
              [
                77.38103339060994,
                18.338904203183372
              ],
              [
                77.38099281820014,
                18.331015196724252
              ],
              [
                77.3756710367603,
                18.332045714328025
              ],
              [
                77.37165751858106,
                18.325201762456267
              ],
              [
                77.35677739302356,
                18.320195420916807
              ],
              [
                77.35800915575463,
                18.316667725641064
              ],
              [
                77.36584244347259,
                18.307118267146933
              ],
              [
                77.3851706247701,
                18.309304988111702
              ],
              [
                77.39490615079774,
                18.303582777998912
              ],
              [
                77.40147338439527,
                18.304478831435176
              ],
              [
                77.40904724404906,
                18.301462286541017
              ],
              [
                77.41708410528176,
                18.30642555246711
              ],
              [
                77.42561448476188,
                18.30787366229598
              ],
              [
                77.42835966620156,
                18.312358242601455
              ],
              [
                77.43771647867509,
                18.31030735338345
              ],
              [
                77.43656320085208,
                18.29322238096371
              ],
              [
                77.44039692931202,
                18.28262290532945
              ],
              [
                77.44590907903198,
                18.28380229377495
              ],
              [
                77.44563171879808,
                18.276615003362057
              ],
              [
                77.44762917852789,
                18.2699892231803
              ],
              [
                77.45183056497572,
                18.269716549887402
              ],
              [
                77.45238495396512,
                18.266971907585198
              ],
              [
                77.4650882810278,
                18.262530130476797
              ],
              [
                77.47579957957491,
                18.264657030192268
              ],
              [
                77.47978313444786,
                18.268171824205215
              ],
              [
                77.48143019731793,
                18.272350194023822
              ],
              [
                77.49271754413424,
                18.267197577311645
              ],
              [
                77.49633055922382,
                18.274708119921286
              ],
              [
                77.49871374475681,
                18.27674090247854
              ],
              [
                77.50527091812148,
                18.277017676176403
              ],
              [
                77.50966594002209,
                18.281806949924384
              ],
              [
                77.51160783086672,
                18.282043256533203
              ],
              [
                77.51209676590956,
                18.290733675612387
              ],
              [
                77.51028199206753,
                18.29247292137085
              ],
              [
                77.51113648483715,
                18.295294934164822
              ],
              [
                77.50887082768938,
                18.30427596715326
              ],
              [
                77.51003575845827,
                18.307558855729134
              ],
              [
                77.51268195992667,
                18.30959209650403
              ],
              [
                77.52377791887507,
                18.308203805820092
              ],
              [
                77.53599253547375,
                18.29678019381342
              ],
              [
                77.55143503514522,
                18.29191082540236
              ],
              [
                77.55329238374179,
                18.298086403265017
              ],
              [
                77.56485321366323,
                18.306054424236162
              ],
              [
                77.57142843597862,
                18.308825091465824
              ],
              [
                77.5705117663166,
                18.318108419181335
              ],
              [
                77.56389833595726,
                18.3222929582306
              ],
              [
                77.55805597182706,
                18.331412024689467
              ],
              [
                77.53161985736921,
                18.33865950692639
              ],
              [
                77.52574953227753,
                18.34211605576198
              ],
              [
                77.52237379100059,
                18.346462106981654
              ],
              [
                77.52023892316828,
                18.357170060555863
              ],
              [
                77.52407818435205,
                18.364195298954048
              ],
              [
                77.52550434430725,
                18.372699991081703
              ],
              [
                77.53564366305508,
                18.380743520258036
              ],
              [
                77.53863231219125,
                18.385877226590548
              ],
              [
                77.54321830064991,
                18.38608404171202
              ],
              [
                77.54594915216418,
                18.388681694715395
              ],
              [
                77.55163410989701,
                18.38889286416963
              ],
              [
                77.55271242241125,
                18.40168576708017
              ],
              [
                77.55669838297247,
                18.419237080318037
              ],
              [
                77.53693281914964,
                18.424240650007935
              ],
              [
                77.53734485121764,
                18.42627388266902
              ],
              [
                77.5281988077643,
                18.428907622831588
              ],
              [
                77.52754815620739,
                18.442105722887067
              ],
              [
                77.52852043787368,
                18.443367857432484
              ],
              [
                77.54058996487585,
                18.4447013893146
              ],
              [
                77.5480125599139,
                18.44322299955937
              ],
              [
                77.5602326490493,
                18.43727856065736
              ],
              [
                77.56421272654377,
                18.437297644086353
              ],
              [
                77.56832620385791,
                18.439463994497604
              ],
              [
                77.56910059205698,
                18.442861248900478
              ],
              [
                77.57433572739447,
                18.44179388819268
              ],
              [
                77.58532889302322,
                18.446787600640008
              ],
              [
                77.58612826786195,
                18.44939776800451
              ],
              [
                77.58303203738565,
                18.449936099565022
              ],
              [
                77.58363583820724,
                18.4562010254609
              ],
              [
                77.56414547237337,
                18.46003044837951
              ],
              [
                77.56406954047735,
                18.461016643506227
              ],
              [
                77.5507937000161,
                18.460404250626276
              ],
              [
                77.54859521798697,
                18.46857593885767
              ],
              [
                77.5602766664982,
                18.46861656203294
              ],
              [
                77.561099464908,
                18.470249973452702
              ],
              [
                77.57289259107705,
                18.469809899406506
              ],
              [
                77.57640076468813,
                18.486779568708805
              ],
              [
                77.59228168803229,
                18.4847104808498
              ],
              [
                77.59431430782229,
                18.476905296575474
              ],
              [
                77.60315730281792,
                18.476842895464664
              ],
              [
                77.60364141750092,
                18.483673627220995
              ],
              [
                77.6062567582461,
                18.489192275984394
              ],
              [
                77.60370659746133,
                18.492934517944875
              ],
              [
                77.60473800084974,
                18.496362084483252
              ],
              [
                77.5944284549488,
                18.496191441367223
              ],
              [
                77.59431833047813,
                18.497901349164604
              ],
              [
                77.58593819602592,
                18.503991088225444
              ],
              [
                77.58778402642396,
                18.51285150216561
              ],
              [
                77.59709885164109,
                18.51587833289612
              ],
              [
                77.60031255031551,
                18.52229160322617
              ],
              [
                77.59885679177005,
                18.524201534623014
              ],
              [
                77.60046766690719,
                18.52729082237314
              ],
              [
                77.59659808398932,
                18.53019490499991
              ],
              [
                77.59254048098754,
                18.52661400920006
              ],
              [
                77.59072229444575,
                18.526660579234072
              ],
              [
                77.59208889250434,
                18.532316792214026
              ],
              [
                77.59533459905063,
                18.535536602029662
              ],
              [
                77.59640042138915,
                18.548936219372774
              ],
              [
                77.61009927402615,
                18.549877131481193
              ],
              [
                77.61059529228498,
                18.54453534541784
              ],
              [
                77.61252717949061,
                18.544474400623326
              ],
              [
                77.61322019110474,
                18.54909547186288
              ],
              [
                77.6160659218725,
                18.548961266393647
              ],
              [
                77.61521598895126,
                18.550840760171287
              ],
              [
                77.62650501112559,
                18.551889552067774
              ],
              [
                77.62928293885233,
                18.553670623553508
              ],
              [
                77.62765971726988,
                18.548120290857653
              ],
              [
                77.63403076689426,
                18.543913180987893
              ],
              [
                77.63964999759268,
                18.5549364565384
              ],
              [
                77.6479436233847,
                18.55492690476891
              ],
              [
                77.64774124822257,
                18.552985956401074
              ],
              [
                77.65210495844562,
                18.551789581144327
              ],
              [
                77.64925378029399,
                18.541188218530028
              ],
              [
                77.64592747061216,
                18.538832462537716
              ],
              [
                77.65138204371229,
                18.532259167375003
              ],
              [
                77.65589090282064,
                18.53089476144628
              ],
              [
                77.66169410759095,
                18.531852889393072
              ],
              [
                77.66462868802853,
                18.535796144604614
              ],
              [
                77.68071551601558,
                18.54524928422931
              ],
              [
                77.68835779136143,
                18.54494850965403
              ],
              [
                77.70159138764811,
                18.55516745573597
              ],
              [
                77.71100138847129,
                18.55629978220389
              ],
              [
                77.72328112753817,
                18.55332568220988
              ],
              [
                77.73852919854446,
                18.55678555697549
              ],
              [
                77.73707382268132,
                18.56384098971054
              ],
              [
                77.7396358573975,
                18.56835878744656
              ],
              [
                77.74041016744317,
                18.57521444454803
              ],
              [
                77.74349723690018,
                18.577615061571187
              ],
              [
                77.74609648792028,
                18.584594175212633
              ],
              [
                77.75037232673888,
                18.58920890457779
              ],
              [
                77.74762474410244,
                18.603196891415973
              ],
              [
                77.74560266334734,
                18.605938203699445
              ],
              [
                77.74568587069886,
                18.621284945066837
              ],
              [
                77.7347405601219,
                18.64100848031088
              ],
              [
                77.73053359693279,
                18.645141623488048
              ],
              [
                77.73023324791247,
                18.656078102211513
              ],
              [
                77.73365339471054,
                18.657803710058857
              ],
              [
                77.73573801168413,
                18.66098320729011
              ],
              [
                77.73468455555381,
                18.663429129526964
              ],
              [
                77.73160085208417,
                18.664334480832768
              ],
              [
                77.7300034534729,
                18.66693297957918
              ],
              [
                77.73825340946404,
                18.6764945725167
              ],
              [
                77.74316276717047,
                18.678268858494434
              ],
              [
                77.74371812723868,
                18.681620969866742
              ],
              [
                77.7492775364274,
                18.682662886461046
              ],
              [
                77.75246876643992,
                18.689340784957327
              ],
              [
                77.75062187872479,
                18.695244717669702
              ],
              [
                77.75353260260336,
                18.700988194218812
              ],
              [
                77.76001203037346,
                18.706840410557987
              ],
              [
                77.7681807014078,
                18.705855752725963
              ],
              [
                77.77035623956625,
                18.701839906790898
              ],
              [
                77.77326875378716,
                18.70135274168904
              ],
              [
                77.77193382134233,
                18.689051556322227
              ],
              [
                77.77703409530113,
                18.685356290922517
              ],
              [
                77.7873168426605,
                18.68263678177876
              ],
              [
                77.79038291040449,
                18.687830500405244
              ],
              [
                77.78979306041926,
                18.695146780455715
              ],
              [
                77.79503403211115,
                18.69703362669468
              ],
              [
                77.79624658257322,
                18.703956898597088
              ],
              [
                77.80108872833009,
                18.70761853386084
              ],
              [
                77.80421228735395,
                18.713174286928297
              ],
              [
                77.80427858122529,
                18.727239119053586
              ],
              [
                77.81236910601642,
                18.738508661173842
              ],
              [
                77.81674014289892,
                18.750639379311437
              ],
              [
                77.82681964013706,
                18.769837775758347
              ],
              [
                77.8322210590235,
                18.78824202803609
              ],
              [
                77.83853561090467,
                18.79682706181946
              ],
              [
                77.83998238000912,
                18.80481836672694
              ],
              [
                77.85370473886212,
                18.80906722462731
              ],
              [
                77.85990979778825,
                18.809044293407833
              ],
              [
                77.87144206397858,
                18.818162028476458
              ],
              [
                77.88201700904536,
                18.8174013215322
              ],
              [
                77.88796752494585,
                18.820107461772054
              ],
              [
                77.89350056768266,
                18.820694232489625
              ],
              [
                77.90669906229962,
                18.826695093407046
              ],
              [
                77.91228502029827,
                18.82688898958847
              ],
              [
                77.93452456507482,
                18.82226348883696
              ],
              [
                77.94312060691065,
                18.82480545501933
              ],
              [
                77.94856250478209,
                18.82983473774414
              ],
              [
                77.94892731331393,
                18.84328735922802
              ],
              [
                77.93480215168415,
                18.84514277051353
              ],
              [
                77.93747870992095,
                18.851589392314672
              ],
              [
                77.92937691486627,
                18.85358402078497
              ],
              [
                77.93008726576203,
                18.858724172659123
              ],
              [
                77.92516931117832,
                18.86068905948248
              ],
              [
                77.91417585898698,
                18.861365532424827
              ],
              [
                77.91429043910149,
                18.863458426497097
              ],
              [
                77.91245322085206,
                18.863169715836904
              ],
              [
                77.91245174851332,
                18.865066941054113
              ],
              [
                77.90325876089986,
                18.866622929908644
              ],
              [
                77.90393293124922,
                18.881243239456303
              ],
              [
                77.89161089770214,
                18.881411197604418
              ],
              [
                77.8848323534003,
                18.900300855544412
              ],
              [
                77.88541118644686,
                18.904197100855757
              ],
              [
                77.87396449466885,
                18.907671147813655
              ],
              [
                77.87319862429526,
                18.903930671575203
              ],
              [
                77.86820528668619,
                18.90432124434588
              ],
              [
                77.85796643011331,
                18.902348113000837
              ],
              [
                77.84328134946524,
                18.90868968951171
              ],
              [
                77.84794103121821,
                18.926892301803132
              ],
              [
                77.85148859954776,
                18.926403095361255
              ],
              [
                77.8586184498044,
                18.949107285092044
              ],
              [
                77.84196943006138,
                18.949868659235506
              ],
              [
                77.83564421427947,
                18.94724270357114
              ],
              [
                77.83248054457982,
                18.941624601403365
              ],
              [
                77.81927650645925,
                18.945855703640717
              ],
              [
                77.81625209628992,
                18.94727244276313
              ],
              [
                77.81987046174532,
                18.954436320528846
              ],
              [
                77.81623907341323,
                18.957512148310588
              ],
              [
                77.82178480665007,
                18.97850338404316
              ],
              [
                77.80524448215813,
                18.981851356685446
              ],
              [
                77.79116776577328,
                18.982812693319026
              ],
              [
                77.78970142507377,
                18.974573569465065
              ],
              [
                77.78765363453526,
                18.97264164121143
              ],
              [
                77.77152465579842,
                18.979153957978948
              ],
              [
                77.77537850921566,
                19.000621412713905
              ],
              [
                77.77226428997582,
                19.003621721961263
              ],
              [
                77.77036634651151,
                19.00995262454153
              ],
              [
                77.76994956055901,
                19.022399781743097
              ],
              [
                77.76558239721201,
                19.02430002017448
              ],
              [
                77.76202366641672,
                19.03184711277518
              ],
              [
                77.76497645390849,
                19.047137182334634
              ],
              [
                77.76483920570611,
                19.062649625926344
              ],
              [
                77.77525835505482,
                19.056016189005028
              ],
              [
                77.78912287948809,
                19.055667579653164
              ],
              [
                77.79333629168262,
                19.052568127055082
              ],
              [
                77.80037636341144,
                19.051116483833326
              ],
              [
                77.79862763370909,
                19.06144627588008
              ],
              [
                77.80012503455788,
                19.06683974788918
              ],
              [
                77.79682469696758,
                19.072583821258423
              ],
              [
                77.79789096037891,
                19.075158025560462
              ],
              [
                77.80169602359813,
                19.076176791900792
              ],
              [
                77.80283399951857,
                19.07974998267823
              ],
              [
                77.80460521854405,
                19.091799287309577
              ],
              [
                77.80314795442216,
                19.09616629042935
              ],
              [
                77.80455524885808,
                19.100551282789016
              ],
              [
                77.80996087814825,
                19.104728733670992
              ],
              [
                77.81816704935412,
                19.104975742736293
              ],
              [
                77.82361156042475,
                19.097727177907
              ],
              [
                77.82643431318581,
                19.096633214612293
              ],
              [
                77.82955859804844,
                19.087061274273164
              ],
              [
                77.83129651383139,
                19.08607574440845
              ],
              [
                77.84232443348188,
                19.088009820864496
              ],
              [
                77.84860614115965,
                19.08649755004431
              ],
              [
                77.84911116323259,
                19.088486470374843
              ],
              [
                77.85042133631153,
                19.088552322020508
              ],
              [
                77.85110569625117,
                19.092024758635404
              ],
              [
                77.8462331676748,
                19.10130890573629
              ],
              [
                77.84839332847218,
                19.11012864764442
              ],
              [
                77.84769091419196,
                19.11600013530571
              ],
              [
                77.84158542902351,
                19.11810156355736
              ],
              [
                77.83690627538842,
                19.13400388528234
              ],
              [
                77.83408920536982,
                19.134303196706465
              ],
              [
                77.83568161922958,
                19.138075775512714
              ],
              [
                77.83797304365295,
                19.137648013084437
              ],
              [
                77.84325084627143,
                19.14157454185256
              ],
              [
                77.85255712132373,
                19.154672994519874
              ],
              [
                77.85267219012172,
                19.166813442898036
              ],
              [
                77.85455101204687,
                19.170191868633726
              ],
              [
                77.85673905116082,
                19.170747132893695
              ],
              [
                77.85595400534918,
                19.17710499239296
              ],
              [
                77.86052005480178,
                19.180349334656103
              ],
              [
                77.85404003055034,
                19.187486092043684
              ],
              [
                77.84774694570952,
                19.18958980241927
              ],
              [
                77.8515177417939,
                19.196093982199137
              ],
              [
                77.85125414285187,
                19.199743985922158
              ],
              [
                77.85483977459664,
                19.202764079963078
              ],
              [
                77.85821169983029,
                19.214171738655992
              ],
              [
                77.8660320922323,
                19.226396819005984
              ],
              [
                77.86614759132335,
                19.23260735987151
              ],
              [
                77.86816448879925,
                19.236732286380885
              ],
              [
                77.8669278428263,
                19.239932294001388
              ],
              [
                77.87004142785557,
                19.244178896056862
              ],
              [
                77.86949298391674,
                19.24816402974945
              ],
              [
                77.8714304918811,
                19.25501521276371
              ],
              [
                77.87463003580159,
                19.253631869218832
              ],
              [
                77.87504066739606,
                19.258838985507065
              ],
              [
                77.89003238167815,
                19.260886062500752
              ],
              [
                77.89094779998695,
                19.25927605233245
              ],
              [
                77.90287215384936,
                19.256458052756813
              ],
              [
                77.90758862619626,
                19.26822367103455
              ],
              [
                77.90348355621485,
                19.277954746133574
              ],
              [
                77.89421477414761,
                19.27980692735417
              ],
              [
                77.88438816613672,
                19.278924687191665
              ],
              [
                77.86560089460775,
                19.28381616024779
              ],
              [
                77.86497183944856,
                19.288125167649543
              ],
              [
                77.8664210492756,
                19.291719193737737
              ],
              [
                77.86348409548907,
                19.304190823942523
              ],
              [
                77.87285220337897,
                19.305303177069543
              ],
              [
                77.87820593160531,
                19.30927870580193
              ],
              [
                77.89005599838694,
                19.31329226428763
              ],
              [
                77.8943448169631,
                19.320464790764003
              ],
              [
                77.91157070783211,
                19.316252122774586
              ],
              [
                77.91762682518583,
                19.323278310626904
              ],
              [
                77.92332980671652,
                19.325771312980883
              ],
              [
                77.92803892545452,
                19.332203049778684
              ],
              [
                77.93200184872032,
                19.33466600147763
              ],
              [
                77.93826870005991,
                19.33410850214152
              ],
              [
                77.94231843651475,
                19.342270333152022
              ],
              [
                77.945146306978,
                19.342448412850008
              ],
              [
                77.96188404164354,
                19.335607149090155
              ],
              [
                77.96590027902313,
                19.32745484363638
              ],
              [
                77.9741345100052,
                19.322616429938737
              ],
              [
                77.97765772410908,
                19.322702911109676
              ],
              [
                77.98487248582133,
                19.30987368202825
              ],
              [
                77.99468942436651,
                19.305382535681503
              ],
              [
                77.9987039522521,
                19.299794052293148
              ],
              [
                78.01352087683779,
                19.29471431925956
              ],
              [
                78.01598520449546,
                19.28756784113259
              ],
              [
                78.01426543557957,
                19.285958571332788
              ],
              [
                78.01484374939993,
                19.27903415111817
              ],
              [
                78.04253007349318,
                19.270600964672862
              ],
              [
                78.0418681337064,
                19.261652771016266
              ],
              [
                78.03596468323859,
                19.25063065651568
              ],
              [
                78.0416374912572,
                19.243425469752474
              ],
              [
                78.05569905755478,
                19.237119271653892
              ],
              [
                78.06444616008874,
                19.24777128052917
              ],
              [
                78.07231994565635,
                19.249246539004396
              ],
              [
                78.07912039896966,
                19.2548321275882
              ],
              [
                78.08325259268273,
                19.248674128329284
              ],
              [
                78.08237437540646,
                19.243214001028335
              ],
              [
                78.08917311653082,
                19.239366211076007
              ],
              [
                78.09533268117771,
                19.243738506776804
              ],
              [
                78.11319543626068,
                19.244420453934406
              ],
              [
                78.11524268960667,
                19.24882778467591
              ],
              [
                78.11706123996615,
                19.248635640859778
              ],
              [
                78.13430497407167,
                19.238891659944745
              ],
              [
                78.1371122317924,
                19.234393406604582
              ],
              [
                78.1445699285002,
                19.22939959015953
              ],
              [
                78.15101504062643,
                19.229497131825436
              ],
              [
                78.15842197982573,
                19.23577778677397
              ],
              [
                78.16496867793589,
                19.234552869317024
              ],
              [
                78.17534369574963,
                19.237577799498688
              ],
              [
                78.1770432489784,
                19.242156801743754
              ],
              [
                78.18179402259611,
                19.247617676623598
              ],
              [
                78.17800571385527,
                19.253912069034698
              ],
              [
                78.17966307680837,
                19.258856393303233
              ],
              [
                78.17672823945266,
                19.262942778004717
              ],
              [
                78.1781878050583,
                19.27250417272301
              ],
              [
                78.17668907649954,
                19.278547682469785
              ],
              [
                78.18313385804578,
                19.28518251050086
              ],
              [
                78.19376108775703,
                19.31488523084009
              ],
              [
                78.19022872970186,
                19.32077584016454
              ],
              [
                78.19229950902682,
                19.325827884890582
              ],
              [
                78.18953207541925,
                19.32896782912476
              ],
              [
                78.18326068848576,
                19.329979648920034
              ],
              [
                78.17624787433763,
                19.334924917125893
              ],
              [
                78.17217052906086,
                19.349297488460174
              ],
              [
                78.17208374551619,
                19.359717239915362
              ],
              [
                78.1792485357458,
                19.36284218312052
              ],
              [
                78.17681074791487,
                19.367398613850014
              ],
              [
                78.18769497484914,
                19.394591561255258
              ],
              [
                78.1762120441342,
                19.412260825484054
              ],
              [
                78.18384040008472,
                19.412198436710998
              ],
              [
                78.19246608452826,
                19.406692721523243
              ],
              [
                78.19508711789734,
                19.406752369775784
              ],
              [
                78.19883432871397,
                19.41015592128768
              ],
              [
                78.1992070307422,
                19.414841697832546
              ],
              [
                78.20255178104017,
                19.419703612191558
              ],
              [
                78.21160851847954,
                19.428477230104807
              ],
              [
                78.21998287676448,
                19.433017428737916
              ],
              [
                78.23563154877678,
                19.426753604459975
              ],
              [
                78.23745003984745,
                19.428732070066257
              ],
              [
                78.24453021147224,
                19.428801768576996
              ],
              [
                78.24674201731366,
                19.4321703025362
              ],
              [
                78.24650227582896,
                19.435197100835303
              ],
              [
                78.25340350754071,
                19.436768008006354
              ],
              [
                78.25832799377484,
                19.441794324108603
              ],
              [
                78.26266798667776,
                19.44305842318489
              ],
              [
                78.2637615157546,
                19.44892968178607
              ],
              [
                78.26870217525705,
                19.44846621601591
              ],
              [
                78.27046043428794,
                19.45615460624079
              ],
              [
                78.2869909896012,
                19.44852837147173
              ],
              [
                78.29867417275925,
                19.451948188468986
              ],
              [
                78.3043616475715,
                19.456136985714377
              ],
              [
                78.30924406570085,
                19.481083780576277
              ],
              [
                78.29868409375325,
                19.49681249159134
              ],
              [
                78.29497549791743,
                19.513170442918597
              ],
              [
                78.29703318519545,
                19.513083090994456
              ],
              [
                78.29601803412716,
                19.51737027350128
              ],
              [
                78.29041679937882,
                19.527623317473118
              ],
              [
                78.2924591101941,
                19.529309939836985
              ],
              [
                78.2941298427736,
                19.534793651283483
              ],
              [
                78.29325012980237,
                19.542232944150534
              ],
              [
                78.2839555445269,
                19.541410818709885
              ],
              [
                78.27433136288211,
                19.553973618589428
              ],
              [
                78.27527207954596,
                19.562460678454663
              ],
              [
                78.29358334458566,
                19.55898343319743
              ],
              [
                78.29816886771701,
                19.564036270631856
              ],
              [
                78.29730594425843,
                19.567895989310212
              ],
              [
                78.30370918860423,
                19.569319928489527
              ],
              [
                78.30426625996304,
                19.572688528491177
              ],
              [
                78.30092226065668,
                19.579068710632523
              ],
              [
                78.30383886400877,
                19.58478140030203
              ],
              [
                78.30558703226406,
                19.607065746735564
              ],
              [
                78.29756581519202,
                19.614205972436974
              ],
              [
                78.29391959297966,
                19.619440771435727
              ],
              [
                78.29221879558425,
                19.62741254048566
              ],
              [
                78.29210250687409,
                19.642225011433947
              ],
              [
                78.29048260726158,
                19.645999822510376
              ],
              [
                78.28672315959417,
                19.647310798245357
              ],
              [
                78.28410605635442,
                19.650371193732717
              ],
              [
                78.28090295061385,
                19.650925038101395
              ],
              [
                78.27902990216101,
                19.657639906327898
              ],
              [
                78.27106791011737,
                19.658537290817453
              ],
              [
                78.27163902843229,
                19.66191021591551
              ],
              [
                78.26893179183021,
                19.66407132129442
              ],
              [
                78.26266933864225,
                19.66506257222558
              ],
              [
                78.26581191949225,
                19.673088472962814
              ],
              [
                78.27110289590442,
                19.678703700083272
              ],
              [
                78.27620594386082,
                19.692413735000816
              ],
              [
                78.2878687631097,
                19.68803380717215
              ],
              [
                78.30020599884637,
                19.68798385164322
              ],
              [
                78.30342887740464,
                19.691203118387975
              ],
              [
                78.31184105027151,
                19.691049357345175
              ],
              [
                78.31575179848724,
                19.702593266696475
              ],
              [
                78.31867341264199,
                19.705524821704515
              ],
              [
                78.32206716873365,
                19.707576538022533
              ],
              [
                78.33373133276052,
                19.709449516611013
              ],
              [
                78.34315353809514,
                19.7132492448683
              ],
              [
                78.34351486026536,
                19.71546879838917
              ],
              [
                78.33930513745166,
                19.724155161172153
              ],
              [
                78.33983630319433,
                19.72695415361518
              ],
              [
                78.34287417821147,
                19.729782587474045
              ],
              [
                78.34083766871628,
                19.733332147695737
              ],
              [
                78.34125392466274,
                19.735755256212702
              ],
              [
                78.34465470827486,
                19.738104494105837
              ],
              [
                78.34930798054828,
                19.73797485143048
              ],
              [
                78.35556433148051,
                19.752005737036278
              ],
              [
                78.35894995781884,
                19.76793258940796
              ],
              [
                78.3636728315605,
                19.775774218601175
              ],
              [
                78.36469360518414,
                19.781230751493847
              ],
              [
                78.35746064899415,
                19.80543312441565
              ],
              [
                78.35239435470929,
                19.807399956385208
              ],
              [
                78.34481839659098,
                19.813371435625587
              ],
              [
                78.33404366800164,
                19.81459034602824
              ],
              [
                78.33643347142335,
                19.837921793075125
              ],
              [
                78.31577545921354,
                19.842555897171845
              ],
              [
                78.30148360709794,
                19.840416390872097
              ],
              [
                78.28609454371116,
                19.84793494536905
              ],
              [
                78.2853326645524,
                19.85661473642159
              ],
              [
                78.29190352644538,
                19.861722329357928
              ],
              [
                78.29876860545856,
                19.87496851499933
              ],
              [
                78.3070468925171,
                19.9142953535282
              ],
              [
                78.31723344108931,
                19.916293665232153
              ],
              [
                78.32748513818088,
                19.916338181781175
              ],
              [
                78.3328584667484,
                19.911519103082103
              ],
              [
                78.33411096618948,
                19.905294800951314
              ],
              [
                78.32513704084289,
                19.898147641775438
              ],
              [
                78.3243824434278,
                19.8948326041439
              ],
              [
                78.32741525104842,
                19.888569619969495
              ],
              [
                78.33210704038628,
                19.88489865218545
              ],
              [
                78.33689825615811,
                19.88300183047544
              ],
              [
                78.36045217723081,
                19.88339437410513
              ],
              [
                78.36965490437858,
                19.879771711055003
              ],
              [
                78.37677501510092,
                19.881177357151973
              ],
              [
                78.38068973476857,
                19.880435170206926
              ],
              [
                78.383054831825,
                19.873904520490193
              ],
              [
                78.38161298099678,
                19.86795758148239
              ],
              [
                78.38290617591682,
                19.862600020478308
              ],
              [
                78.38180892332316,
                19.85704069376499
              ],
              [
                78.38600142633115,
                19.846089430354407
              ],
              [
                78.40300888465231,
                19.831864839424718
              ],
              [
                78.42297024347785,
                19.817626549040824
              ],
              [
                78.43738893860986,
                19.813635658893183
              ],
              [
                78.45390345540203,
                19.81294886087939
              ],
              [
                78.4692449413164,
                19.817719101665034
              ],
              [
                78.47247690723214,
                19.817338805237387
              ],
              [
                78.48316515321244,
                19.803810676426544
              ],
              [
                78.48505284510271,
                19.796052938760944
              ],
              [
                78.49025594561881,
                19.792685352906368
              ],
              [
                78.49522907382894,
                19.792632198731376
              ],
              [
                78.50724051037496,
                19.797549482383346
              ],
              [
                78.50896989306102,
                19.812051122350056
              ],
              [
                78.51217037841595,
                19.814260145764923
              ],
              [
                78.51503580923787,
                19.818934502814674
              ],
              [
                78.53079498301325,
                19.818456029571987
              ],
              [
                78.53795490167907,
                19.82005543607055
              ],
              [
                78.54230357769754,
                19.82383134648469
              ],
              [
                78.55202364551575,
                19.82408619564798
              ],
              [
                78.56324498322671,
                19.82107795514389
              ],
              [
                78.57230436710289,
                19.815847652879167
              ],
              [
                78.58613583353369,
                19.81879105175763
              ],
              [
                78.592595425604,
                19.81752156810964
              ],
              [
                78.60083930898382,
                19.81853272408687
              ],
              [
                78.6073282157768,
                19.817610459761166
              ],
              [
                78.61116491316875,
                19.816321874562448
              ],
              [
                78.61900327007987,
                19.809982465387254
              ],
              [
                78.62553399255101,
                19.808162016586618
              ],
              [
                78.64275918003916,
                19.807809952054505
              ],
              [
                78.65506629795925,
                19.800194342424223
              ],
              [
                78.66636993662159,
                19.799758063112765
              ],
              [
                78.67515022921039,
                19.794863137378023
              ],
              [
                78.69257854195395,
                19.79103036196536
              ],
              [
                78.70138112623653,
                19.786740147999478
              ],
              [
                78.70611040766107,
                19.772307081960964
              ],
              [
                78.71917651845295,
                19.766652415214693
              ],
              [
                78.72416207126176,
                19.767758520961824
              ],
              [
                78.73004011827166,
                19.780230432931386
              ],
              [
                78.74007261745075,
                19.7831375308366
              ],
              [
                78.74612581887304,
                19.781174126044252
              ],
              [
                78.75172604930489,
                19.774663152216775
              ],
              [
                78.75638650271071,
                19.772510033707118
              ],
              [
                78.75899482042696,
                19.772720844435877
              ],
              [
                78.77113801557066,
                19.77938816469173
              ],
              [
                78.77735788861415,
                19.779864435013433
              ],
              [
                78.78238122186885,
                19.778414677767504
              ],
              [
                78.78631510529645,
                19.776531889064994
              ],
              [
                78.79564512461832,
                19.767271591401514
              ],
              [
                78.79694878491146,
                19.760014436852845
              ],
              [
                78.8021760725666,
                19.756539148173427
              ],
              [
                78.80692861766208,
                19.756893460763074
              ],
              [
                78.81693398951622,
                19.761838181929416
              ],
              [
                78.82589319057696,
                19.755149787958935
              ],
              [
                78.83352813746671,
                19.76012884746382
              ],
              [
                78.84097822095245,
                19.761895941179823
              ],
              [
                78.84041047581142,
                19.756342132218094
              ],
              [
                78.84533884636083,
                19.746887169463147
              ],
              [
                78.84796684796159,
                19.735503060258075
              ],
              [
                78.85116435809628,
                19.73613231616878
              ],
              [
                78.85238284821902,
                19.727909901224248
              ],
              [
                78.84944038147158,
                19.721975328700573
              ],
              [
                78.85993791871033,
                19.68949774092412
              ],
              [
                78.8571683201629,
                19.68962557992831
              ],
              [
                78.8557067998232,
                19.686667324192868
              ],
              [
                78.8558528587019,
                19.677312517139406
              ],
              [
                78.85193531113772,
                19.658367321188422
              ],
              [
                78.86160526104794,
                19.657411917130666
              ],
              [
                78.86810903495886,
                19.65903186148416
              ],
              [
                78.88674151778123,
                19.65507835902282
              ],
              [
                78.8904929821207,
                19.65941665659244
              ],
              [
                78.88646086791681,
                19.662460179050424
              ],
              [
                78.8960205514225,
                19.664463133947443
              ],
              [
                78.9035502175576,
                19.670016222638687
              ],
              [
                78.90769757123941,
                19.667993342430425
              ],
              [
                78.91166669737224,
                19.669114794699226
              ],
              [
                78.9158393925282,
                19.66690242820731
              ],
              [
                78.9198789636473,
                19.666981655475215
              ],
              [
                78.9197384976796,
                19.662011443422767
              ],
              [
                78.94424813817972,
                19.661747322760398
              ],
              [
                78.94752046001125,
                19.659460069979698
              ],
              [
                78.95281761593424,
                19.65834723985535
              ],
              [
                78.95557251984023,
                19.655798922139414
              ],
              [
                78.95740390263357,
                19.64717791792085
              ],
              [
                78.96186387901741,
                19.637451685722954
              ],
              [
                78.96120448775112,
                19.631696789998692
              ],
              [
                78.95538351969434,
                19.61912572205147
              ],
              [
                78.95563447574708,
                19.60017939138664
              ],
              [
                78.9591582333317,
                19.59547430057381
              ],
              [
                78.97179842949119,
                19.590021478907946
              ],
              [
                78.97284907299635,
                19.582396174454786
              ],
              [
                78.96629859297884,
                19.574247478655316
              ],
              [
                78.95255759228706,
                19.564986228306616
              ],
              [
                78.94650363448328,
                19.561615963171285
              ],
              [
                78.9376872718409,
                19.561881817700304
              ],
              [
                78.94045815048759,
                19.55187652924345
              ],
              [
                78.95210998513716,
                19.548873020268964
              ],
              [
                78.96927839011622,
                19.55027307593207
              ],
              [
                78.97423736447071,
                19.549391927336238
              ],
              [
                78.97681593447635,
                19.55694379345279
              ],
              [
                78.97986727254464,
                19.55766498170248
              ],
              [
                78.98126609047749,
                19.560848118223177
              ],
              [
                78.99776171390259,
                19.54907413780072
              ],
              [
                78.99804545217498,
                19.540093407982642
              ],
              [
                79.00688180951897,
                19.542032650270777
              ],
              [
                79.02403875558826,
                19.541785197948222
              ],
              [
                79.0394643750172,
                19.54761389208005
              ],
              [
                79.04602505540474,
                19.54833538785106
              ],
              [
                79.06534956708434,
                19.539635672109345
              ],
              [
                79.06770713266543,
                19.535665550860152
              ],
              [
                79.0769153188752,
                19.532408795073785
              ],
              [
                79.09804768467416,
                19.532037229429893
              ],
              [
                79.10111696030205,
                19.529619628738324
              ],
              [
                79.10540148852438,
                19.522388848264338
              ],
              [
                79.1143562725689,
                19.51976984442397
              ],
              [
                79.12094318555938,
                19.512011831574668
              ],
              [
                79.13312157759425,
                19.507837177881278
              ],
              [
                79.13567542326828,
                19.50616509041921
              ],
              [
                79.13861909375818,
                19.500495921710517
              ],
              [
                79.14299816696926,
                19.500546179337945
              ],
              [
                79.15756154296429,
                19.48929780611146
              ],
              [
                79.16136710474849,
                19.488274244727503
              ],
              [
                79.16784511677372,
                19.47237017679003
              ],
              [
                79.17413181459287,
                19.468296458877113
              ],
              [
                79.18008668552585,
                19.461895611132054
              ],
              [
                79.19032447939178,
                19.458996807751564
              ],
              [
                79.20821761370102,
                19.46498242623568
              ],
              [
                79.21569685919583,
                19.464647967512775
              ],
              [
                79.22360154501256,
                19.469087369831705
              ],
              [
                79.22319933242895,
                19.47235788862758
              ],
              [
                79.2157792832164,
                19.480953986436756
              ],
              [
                79.21076195070778,
                19.481750107463977
              ],
              [
                79.20686501947938,
                19.48583015614283
              ],
              [
                79.20386345616268,
                19.494095547816414
              ],
              [
                79.20739563724975,
                19.497646871890073
              ],
              [
                79.20747706324205,
                19.5061429130054
              ],
              [
                79.21404140875595,
                19.511206303205096
              ],
              [
                79.22117481544281,
                19.52100366150327
              ],
              [
                79.23374019810879,
                19.520021552045137
              ],
              [
                79.24003494662952,
                19.535252557345654
              ],
              [
                79.23713564123653,
                19.55715050468535
              ],
              [
                79.24623004862904,
                19.56753116851716
              ],
              [
                79.2510372598028,
                19.577511903607043
              ],
              [
                79.25313582222287,
                19.593299394912343
              ],
              [
                79.24442447443384,
                19.594878209459374
              ],
              [
                79.23865490168944,
                19.60618267297455
              ],
              [
                79.24356864676771,
                19.616700934593812
              ],
              [
                79.25110922653518,
                19.61588258822055
              ],
              [
                79.27296058681955,
                19.598852075514706
              ],
              [
                79.28437373011501,
                19.595536044071657
              ],
              [
                79.30685155122404,
                19.59656895313506
              ],
              [
                79.31027563713464,
                19.577973477815064
              ],
              [
                79.30986282083742,
                19.571525625511434
              ],
              [
                79.31394163306308,
                19.566433987494122
              ],
              [
                79.31854815611077,
                19.567714116079443
              ],
              [
                79.31845512478333,
                19.576736568529974
              ],
              [
                79.32619404627732,
                19.577442440107895
              ],
              [
                79.33482458791161,
                19.574808137249136
              ],
              [
                79.33986906930475,
                19.576171430780256
              ],
              [
                79.35156600207654,
                19.575958729482696
              ],
              [
                79.35739949354665,
                19.577592109361973
              ],
              [
                79.36574060518294,
                19.57634521653074
              ],
              [
                79.367089012357,
                19.572958066942427
              ],
              [
                79.36948092592132,
                19.57271333248023
              ],
              [
                79.3727634418347,
                19.56100375949338
              ],
              [
                79.37681357983648,
                19.55889890282463
              ],
              [
                79.38568778859329,
                19.55834470258652
              ],
              [
                79.38733221131473,
                19.554728559170734
              ],
              [
                79.39175671053304,
                19.552887216227944
              ],
              [
                79.39622185402642,
                19.548071261634053
              ],
              [
                79.40172340991421,
                19.538462263392656
              ],
              [
                79.40532903456393,
                19.535682026589303
              ],
              [
                79.42048320377526,
                19.529773018450296
              ],
              [
                79.42300903369055,
                19.530173913224566
              ],
              [
                79.42257008091012,
                19.53805750842512
              ],
              [
                79.43334421391644,
                19.537271513829502
              ],
              [
                79.44221720096442,
                19.527994039008014
              ],
              [
                79.44605549376435,
                19.52693855495673
              ],
              [
                79.4532811897702,
                19.520117080880194
              ],
              [
                79.45677134407498,
                19.519140972446632
              ],
              [
                79.46897137562674,
                19.509589334349677
              ],
              [
                79.47143471244263,
                19.50020733401787
              ],
              [
                79.4826416986686,
                19.506295954118556
              ],
              [
                79.49839678690606,
                19.505710802116734
              ],
              [
                79.50077303025859,
                19.507405581262947
              ],
              [
                79.50226499540156,
                19.51165115198513
              ],
              [
                79.51483599792799,
                19.519459543962334
              ],
              [
                79.51859792584388,
                19.52019895773472
              ],
              [
                79.52081837707158,
                19.53490194244257
              ],
              [
                79.51862008279035,
                19.5431252649894
              ],
              [
                79.52922657938485,
                19.55106357504679
              ],
              [
                79.53993624748975,
                19.554677500674686
              ],
              [
                79.54249051986353,
                19.55424650832182
              ],
              [
                79.54538875087142,
                19.55071150121859
              ],
              [
                79.5483962700185,
                19.53164020242358
              ],
              [
                79.55294137255528,
                19.52418516388396
              ],
              [
                79.56900892898454,
                19.518283253010885
              ],
              [
                79.58405284257118,
                19.509148210640042
              ],
              [
                79.59616261589471,
                19.507294542598792
              ],
              [
                79.600469926291,
                19.50952445973009
              ],
              [
                79.6029743637261,
                19.514568054585382
              ],
              [
                79.6060511995754,
                19.532844312494095
              ],
              [
                79.61166860938876,
                19.547533085605707
              ],
              [
                79.61414617282384,
                19.559694446991887
              ],
              [
                79.6231200909839,
                19.56958467334812
              ],
              [
                79.6294384220775,
                19.57398864425954
              ],
              [
                79.65829517912076,
                19.57973190642784
              ],
              [
                79.67758993949644,
                19.580099918341386
              ],
              [
                79.68896044066368,
                19.58388489118826
              ],
              [
                79.69642099491233,
                19.583213235422402
              ],
              [
                79.70900709452542,
                19.584496600854127
              ],
              [
                79.71798300335215,
                19.589471825495878
              ],
              [
                79.73525220918754,
                19.604979268902497
              ],
              [
                79.74308701865162,
                19.60864488485602
              ],
              [
                79.75345519399787,
                19.60755268557709
              ],
              [
                79.77861325643637,
                19.599685641478874
              ],
              [
                79.79858992345264,
                19.581986106274474
              ],
              [
                79.81633329423099,
                19.574049536898567
              ],
              [
                79.82842531235292,
                19.543425725269515
              ],
              [
                79.83287478832942,
                19.538573581180376
              ],
              [
                79.84564456826527,
                19.53281702263214
              ],
              [
                79.84817936785869,
                19.52655492720472
              ],
              [
                79.85532471495225,
                19.521046901408173
              ],
              [
                79.86459008970965,
                19.510534366045746
              ],
              [
                79.87095961399461,
                19.509077008142587
              ],
              [
                79.88085968533116,
                19.50358964583449
              ],
              [
                79.90197022835693,
                19.500922906547803
              ],
              [
                79.91450911072204,
                19.496059708151424
              ],
              [
                79.93241646087066,
                19.47656616347931
              ],
              [
                79.9448249779251,
                19.469836369147387
              ],
              [
                79.94822089177008,
                19.46062250111494
              ],
              [
                79.94761421723787,
                19.44970098730928
              ],
              [
                79.9524834445056,
                19.440969247063975
              ],
              [
                79.97239939618846,
                19.416235011397937
              ],
              [
                79.97469750317924,
                19.41101745543089
              ],
              [
                79.97470590781703,
                19.40438115950138
              ],
              [
                79.97794248837837,
                19.40038016904249
              ],
              [
                79.97698652730415,
                19.394969448809924
              ],
              [
                79.97967709566615,
                19.388682610852964
              ],
              [
                79.97404329159885,
                19.38552673279472
              ],
              [
                79.971832387666,
                19.381580068802577
              ],
              [
                79.97142189261544,
                19.376834197252062
              ],
              [
                79.96953430492972,
                19.374712106320494
              ],
              [
                79.9702388428273,
                19.371052516775535
              ],
              [
                79.96758052847558,
                19.360341540417135
              ],
              [
                79.9679711617752,
                19.35665403583048
              ],
              [
                79.95908619838781,
                19.335963086335962
              ],
              [
                79.9590908354913,
                19.330883844759267
              ],
              [
                79.96557470632882,
                19.31308881147414
              ],
              [
                79.96587816351999,
                19.303061868122004
              ],
              [
                79.96227506223791,
                19.297377505002803
              ],
              [
                79.95482413792905,
                19.293787242186994
              ],
              [
                79.95057218531385,
                19.28906722589492
              ],
              [
                79.93636130374475,
                19.26414990161058
              ],
              [
                79.9308511590645,
                19.25082610892065
              ],
              [
                79.92451201220916,
                19.225740892326677
              ],
              [
                79.92545976807156,
                19.210662031928376
              ],
              [
                79.9448303902747,
                19.180102452781245
              ],
              [
                79.94650560185418,
                19.174272710601205
              ],
              [
                79.9459013671463,
                19.169516223475846
              ],
              [
                79.94174867567506,
                19.16430343589565
              ],
              [
                79.9253301088367,
                19.151616167205916
              ],
              [
                79.87375867997832,
                19.12407470834413
              ],
              [
                79.86146864352332,
                19.112283713148603
              ],
              [
                79.85843685099898,
                19.102439061927505
              ],
              [
                79.85897227385777,
                19.09278560314076
              ],
              [
                79.86340561249848,
                19.07784641873318
              ],
              [
                79.86338776477045,
                19.068717910719926
              ],
              [
                79.86600478895842,
                19.054226025347536
              ],
              [
                79.86860175196946,
                19.044261992609734
              ],
              [
                79.87111009977102,
                19.04104028515431
              ],
              [
                79.87704391509206,
                19.03882207967382
              ],
              [
                79.89922634857612,
                19.040267427704936
              ],
              [
                79.92063496518959,
                19.049738008449072
              ],
              [
                79.9279261205319,
                19.049342095781657
              ],
              [
                79.93191897027306,
                19.04810626685288
              ],
              [
                79.93707317997982,
                19.04271861381425
              ],
              [
                79.94026982952846,
                19.032588139517326
              ],
              [
                79.94256560089948,
                19.007004878657884
              ],
              [
                79.9424032789209,
                19.000681586364298
              ],
              [
                79.94096538337486,
                19.00024994006041
              ],
              [
                79.9416297584944,
                18.99211374288162
              ],
              [
                79.95705322466158,
                18.94290035082744
              ],
              [
                79.95742263885587,
                18.92281726583594
              ],
              [
                79.95362063170525,
                18.904529738063033
              ],
              [
                79.9586805425617,
                18.88863572558338
              ],
              [
                79.96161194475977,
                18.866652142803474
              ],
              [
                79.9585199004327,
                18.85944943417101
              ],
              [
                79.94764934585707,
                18.85020761753179
              ],
              [
                79.94138540955058,
                18.84606303087253
              ],
              [
                79.92826057948186,
                18.84093803933287
              ],
              [
                79.91578976785571,
                18.82993771011415
              ],
              [
                79.91403806652639,
                18.82383186836146
              ],
              [
                79.92053112802759,
                18.811108264105734
              ],
              [
                79.92900250256658,
                18.8026579092035
              ],
              [
                79.94949453395968,
                18.78917527744632
              ],
              [
                79.95915862146434,
                18.77732997822239
              ],
              [
                79.96416123956861,
                18.773851130155613
              ],
              [
                79.99305770574068,
                18.769960570982143
              ],
              [
                79.99583397427908,
                18.770847971411328
              ],
              [
                79.99810148554955,
                18.775948258256673
              ],
              [
                79.99958922322084,
                18.775086729287434
              ],
              [
                80.00099979381255,
                18.776092816989216
              ],
              [
                80.0185508972723,
                18.770409833029245
              ],
              [
                80.01953926686707,
                18.765777527043007
              ],
              [
                80.02323849507108,
                18.761729381324674
              ],
              [
                80.02308830753536,
                18.757225462103424
              ],
              [
                80.02499056650626,
                18.754966603133262
              ],
              [
                80.03455932479297,
                18.755014768450657
              ],
              [
                80.03868951975457,
                18.753000035441133
              ],
              [
                80.04142048445654,
                18.743018399990632
              ],
              [
                80.0528033464421,
                18.72508639291168
              ],
              [
                80.05694623459864,
                18.723346866034422
              ],
              [
                80.06462686531215,
                18.72329037364514
              ],
              [
                80.06926225661984,
                18.719600139556302
              ],
              [
                80.07459185699597,
                18.7105445092842
              ],
              [
                80.08207970116464,
                18.707275205795433
              ],
              [
                80.0885127237638,
                18.70730577367738
              ],
              [
                80.09904901073067,
                18.694510051036584
              ],
              [
                80.10416030701799,
                18.691596792205292
              ],
              [
                80.11225500178868,
                18.682906599465117
              ],
              [
                80.11812773436536,
                18.680545488881688
              ],
              [
                80.12438291209781,
                18.68138780895446
              ],
              [
                80.12856154152459,
                18.6874620519697
              ],
              [
                80.14002240512454,
                18.69302907431366
              ],
              [
                80.14846943621767,
                18.693115409497747
              ],
              [
                80.15292508272182,
                18.695900966848782
              ],
              [
                80.1558463339572,
                18.70063994391614
              ],
              [
                80.15771341310499,
                18.701008842728825
              ],
              [
                80.16862815670774,
                18.699738602831292
              ],
              [
                80.17416531552519,
                18.688209664938288
              ],
              [
                80.17870975241036,
                18.6832971219514
              ],
              [
                80.19047430406854,
                18.680491145425076
              ],
              [
                80.19657410020632,
                18.680825162658337
              ],
              [
                80.1993764225829,
                18.683236922948833
              ],
              [
                80.20043330668436,
                18.692589449189498
              ],
              [
                80.21277656293003,
                18.70574750576946
              ],
              [
                80.21933913696618,
                18.707947197620808
              ],
              [
                80.22628272873517,
                18.705625262011928
              ],
              [
                80.2304027862088,
                18.70183597910928
              ],
              [
                80.23462543128784,
                18.702663401597725
              ],
              [
                80.23864602459822,
                18.70576282643629
              ],
              [
                80.2484819984443,
                18.706366404809945
              ],
              [
                80.26349076005553,
                18.71839407904049
              ],
              [
                80.26483079942273,
                18.721521232023107
              ],
              [
                80.27090730494015,
                18.724412707240553
              ],
              [
                80.27289101775115,
                18.72299154160009
              ]
            ]
          ],
          [
            [
              [
                72.7331780715371,
                19.467112395295686
              ],
              [
                72.73032203888967,
                19.469212135817685
              ],
              [
                72.72885810118352,
                19.46610297358297
              ],
              [
                72.73199369673391,
                19.4619343312065
              ],
              [
                72.73108295595276,
                19.460184447338985
              ],
              [
                72.73284903481819,
                19.459169408366815
              ],
              [
                72.73405907269243,
                19.459683660180104
              ],
              [
                72.73379688141043,
                19.462847925778792
              ],
              [
                72.73685380071157,
                19.465849870993967
              ],
              [
                72.7331780715371,
                19.467112395295686
              ]
            ]
          ],
          [
            [
              [
                72.96652151674057,
                20.300533003340476
              ],
              [
                72.9687168070555,
                20.29790738280953
              ],
              [
                72.97154080577988,
                20.297102878711
              ],
              [
                72.97425149820086,
                20.31080889696307
              ],
              [
                72.97757996473767,
                20.313960684761977
              ],
              [
                72.97877244863294,
                20.31332166355206
              ],
              [
                72.98299324587741,
                20.318520788019146
              ],
              [
                72.98199636205045,
                20.32595896500648
              ],
              [
                72.97855634990817,
                20.331941987026493
              ],
              [
                72.96167181974542,
                20.332268898670197
              ],
              [
                72.9612159040775,
                20.328318032709102
              ],
              [
                72.95280177018842,
                20.3152947059377
              ],
              [
                72.95472545397887,
                20.311366232034302
              ],
              [
                72.96286380148244,
                20.30556884227359
              ],
              [
                72.96652151674057,
                20.300533003340476
              ]
            ]
          ]
        ]
      }
    }
  ]
}